user_id,timestamp,date,day,hour,water_ml,temperature,time_since_last_sip,daily_total,bmi,activity_level,baseline_intake,rolling_avg_intake
U01,2025-01-01 09:52:00,2025-01-01,1,9,184,19.9,0.0,184,22.86,moderate,2700,184.0
U01,2025-01-01 12:05:00,2025-01-01,1,12,278,20.3,2.22,462,22.86,moderate,2700,231.0
U01,2025-01-01 13:07:00,2025-01-01,1,13,230,21.4,1.03,692,22.86,moderate,2700,230.7
U01,2025-01-01 14:30:00,2025-01-01,1,14,245,19.0,1.38,937,22.86,moderate,2700,234.2
U01,2025-01-01 14:33:00,2025-01-01,1,14,199,19.7,0.05,1136,22.86,moderate,2700,227.2
U01,2025-01-01 15:33:00,2025-01-01,1,15,161,19.4,1.0,1297,22.86,moderate,2700,216.2
U01,2025-01-01 15:56:00,2025-01-01,1,15,182,18.0,0.38,1479,22.86,moderate,2700,211.3
U01,2025-01-01 17:50:00,2025-01-01,1,17,215,21.6,1.9,1694,22.86,moderate,2700,211.8
U01,2025-01-01 18:05:00,2025-01-01,1,18,206,18.0,0.25,1900,22.86,moderate,2700,211.1
U01,2025-01-01 18:12:00,2025-01-01,1,18,132,18.0,0.12,2032,22.86,moderate,2700,203.2
U01,2025-01-01 18:19:00,2025-01-01,1,18,163,18.0,0.12,2195,22.86,moderate,2700,199.5
U01,2025-01-01 18:47:00,2025-01-01,1,18,153,18.0,0.47,2348,22.86,moderate,2700,195.7
U01,2025-01-01 20:32:00,2025-01-01,1,20,154,18.0,1.75,2502,22.86,moderate,2700,192.5
U01,2025-01-01 21:01:00,2025-01-01,1,21,176,18.0,0.48,2678,22.86,moderate,2700,191.3
U01,2025-01-02 07:35:00,2025-01-02,2,7,210,19.7,0.0,210,22.86,moderate,2700,210.0
U01,2025-01-02 09:58:00,2025-01-02,2,9,172,24.8,2.38,382,22.86,moderate,2700,191.0
U01,2025-01-02 10:15:00,2025-01-02,2,10,198,19.9,0.28,580,22.86,moderate,2700,193.3
U01,2025-01-02 13:28:00,2025-01-02,2,13,281,18.9,3.22,861,22.86,moderate,2700,215.2
U01,2025-01-02 15:48:00,2025-01-02,2,15,150,21.1,2.33,1011,22.86,moderate,2700,202.2
U01,2025-01-02 17:46:00,2025-01-02,2,17,135,18.0,1.97,1146,22.86,moderate,2700,191.0
U01,2025-01-02 18:09:00,2025-01-02,2,18,202,18.0,0.38,1348,22.86,moderate,2700,192.6
U01,2025-01-02 19:07:00,2025-01-02,2,19,167,18.0,0.97,1515,22.86,moderate,2700,189.4
U01,2025-01-02 19:24:00,2025-01-02,2,19,214,18.0,0.28,1729,22.86,moderate,2700,192.1
U01,2025-01-02 20:51:00,2025-01-02,2,20,159,18.0,1.45,1888,22.86,moderate,2700,188.8
U01,2025-01-03 06:37:00,2025-01-03,3,6,197,18.0,0.0,197,22.86,moderate,2700,197.0
U01,2025-01-03 06:46:00,2025-01-03,3,6,199,18.0,0.15,396,22.86,moderate,2700,198.0
U01,2025-01-03 14:43:00,2025-01-03,3,14,323,20.7,7.95,719,22.86,moderate,2700,239.7
U01,2025-01-03 15:00:00,2025-01-03,3,15,209,19.5,0.28,928,22.86,moderate,2700,232.0
U01,2025-01-03 18:12:00,2025-01-03,3,18,144,18.0,3.2,1072,22.86,moderate,2700,214.4
U01,2025-01-03 18:26:00,2025-01-03,3,18,202,18.0,0.23,1274,22.86,moderate,2700,212.3
U01,2025-01-03 18:48:00,2025-01-03,3,18,152,18.0,0.37,1426,22.86,moderate,2700,203.7
U01,2025-01-03 18:49:00,2025-01-03,3,18,137,18.3,0.02,1563,22.86,moderate,2700,195.4
U01,2025-01-03 18:59:00,2025-01-03,3,18,245,18.0,0.17,1808,22.86,moderate,2700,200.9
U01,2025-01-03 19:19:00,2025-01-03,3,19,163,18.0,0.33,1971,22.86,moderate,2700,197.1
U01,2025-01-03 20:37:00,2025-01-03,3,20,134,18.0,1.3,2105,22.86,moderate,2700,191.4
U01,2025-01-04 06:53:00,2025-01-04,4,6,193,18.0,0.0,193,22.86,moderate,2700,193.0
U01,2025-01-04 07:10:00,2025-01-04,4,7,235,18.0,0.28,428,22.86,moderate,2700,214.0
U01,2025-01-04 09:50:00,2025-01-04,4,9,173,21.8,2.67,601,22.86,moderate,2700,200.3
U01,2025-01-04 12:01:00,2025-01-04,4,12,286,22.2,2.18,887,22.86,moderate,2700,221.8
U01,2025-01-04 15:40:00,2025-01-04,4,15,175,20.1,3.65,1062,22.86,moderate,2700,212.4
U01,2025-01-04 16:02:00,2025-01-04,4,16,113,19.0,0.37,1175,22.86,moderate,2700,195.8
U01,2025-01-04 16:26:00,2025-01-04,4,16,189,20.3,0.4,1364,22.86,moderate,2700,194.9
U01,2025-01-04 18:36:00,2025-01-04,4,18,151,18.0,2.17,1515,22.86,moderate,2700,189.4
U01,2025-01-04 20:45:00,2025-01-04,4,20,116,18.0,2.15,1631,22.86,moderate,2700,181.2
U01,2025-01-04 21:28:00,2025-01-04,4,21,188,18.0,0.72,1819,22.86,moderate,2700,181.9
U01,2025-01-05 06:32:00,2025-01-05,5,6,189,18.0,0.0,189,22.86,moderate,2700,189.0
U01,2025-01-05 06:41:00,2025-01-05,5,6,184,18.0,0.15,373,22.86,moderate,2700,186.5
U01,2025-01-05 07:03:00,2025-01-05,5,7,202,18.7,0.37,575,22.86,moderate,2700,191.7
U01,2025-01-05 07:04:00,2025-01-05,5,7,252,18.6,0.02,827,22.86,moderate,2700,206.8
U01,2025-01-05 07:51:00,2025-01-05,5,7,125,18.0,0.78,952,22.86,moderate,2700,190.4
U01,2025-01-05 10:04:00,2025-01-05,5,10,151,22.2,2.22,1103,22.86,moderate,2700,183.8
U01,2025-01-05 10:08:00,2025-01-05,5,10,181,21.9,0.07,1284,22.86,moderate,2700,183.4
U01,2025-01-05 10:23:00,2025-01-05,5,10,191,19.2,0.25,1475,22.86,moderate,2700,184.4
U01,2025-01-05 10:28:00,2025-01-05,5,10,131,22.0,0.08,1606,22.86,moderate,2700,178.4
U01,2025-01-05 11:47:00,2025-01-05,5,11,157,21.6,1.32,1763,22.86,moderate,2700,176.3
U01,2025-01-05 13:23:00,2025-01-05,5,13,226,21.2,1.6,1989,22.86,moderate,2700,180.8
U01,2025-01-05 14:44:00,2025-01-05,5,14,200,22.8,1.35,2189,22.86,moderate,2700,182.4
U01,2025-01-05 15:28:00,2025-01-05,5,15,179,21.8,0.73,2368,22.86,moderate,2700,182.2
U01,2025-01-05 19:27:00,2025-01-05,5,19,185,18.0,3.98,2553,22.86,moderate,2700,182.4
U01,2025-01-06 09:57:00,2025-01-06,6,9,132,18.8,0.0,132,22.86,moderate,2700,132.0
U01,2025-01-06 13:01:00,2025-01-06,6,13,153,20.1,3.07,285,22.86,moderate,2700,142.5
U01,2025-01-06 14:45:00,2025-01-06,6,14,138,20.7,1.73,423,22.86,moderate,2700,141.0
U01,2025-01-06 15:02:00,2025-01-06,6,15,131,23.1,0.28,554,22.86,moderate,2700,138.5
U01,2025-01-06 15:05:00,2025-01-06,6,15,123,18.0,0.05,677,22.86,moderate,2700,135.4
U01,2025-01-06 16:10:00,2025-01-06,6,16,135,18.0,1.08,812,22.86,moderate,2700,135.3
U01,2025-01-06 21:19:00,2025-01-06,6,21,87,18.0,5.15,899,22.86,moderate,2700,128.4
U01,2025-01-07 06:40:00,2025-01-07,7,6,204,18.0,0.0,204,22.86,moderate,2700,204.0
U01,2025-01-07 06:56:00,2025-01-07,7,6,222,18.0,0.27,426,22.86,moderate,2700,213.0
U01,2025-01-07 06:57:00,2025-01-07,7,6,212,19.3,0.02,638,22.86,moderate,2700,212.7
U01,2025-01-07 07:27:00,2025-01-07,7,7,204,18.5,0.5,842,22.86,moderate,2700,210.5
U01,2025-01-07 11:40:00,2025-01-07,7,11,165,23.0,4.22,1007,22.86,moderate,2700,201.4
U01,2025-01-07 12:35:00,2025-01-07,7,12,254,22.5,0.92,1261,22.86,moderate,2700,210.2
U01,2025-01-07 12:37:00,2025-01-07,7,12,191,21.7,0.03,1452,22.86,moderate,2700,207.4
U01,2025-01-07 12:58:00,2025-01-07,7,12,234,22.1,0.35,1686,22.86,moderate,2700,210.8
U01,2025-01-07 13:06:00,2025-01-07,7,13,231,22.0,0.13,1917,22.86,moderate,2700,213.0
U01,2025-01-07 15:12:00,2025-01-07,7,15,123,18.9,2.1,2040,22.86,moderate,2700,204.0
U01,2025-01-07 15:32:00,2025-01-07,7,15,111,19.1,0.33,2151,22.86,moderate,2700,195.5
U01,2025-01-07 16:09:00,2025-01-07,7,16,137,19.1,0.62,2288,22.86,moderate,2700,190.7
U01,2025-01-07 18:26:00,2025-01-07,7,18,141,18.2,2.28,2429,22.86,moderate,2700,186.8
U01,2025-01-07 19:11:00,2025-01-07,7,19,150,18.0,0.75,2579,22.86,moderate,2700,184.2
U01,2025-01-07 20:51:00,2025-01-07,7,20,125,18.0,1.67,2704,22.86,moderate,2700,180.3
U01,2025-01-07 21:15:00,2025-01-07,7,21,148,18.0,0.4,2852,22.86,moderate,2700,178.2
U01,2025-01-08 10:29:00,2025-01-08,8,10,207,20.2,0.0,207,22.86,moderate,2700,207.0
U01,2025-01-08 11:52:00,2025-01-08,8,11,227,21.3,1.38,434,22.86,moderate,2700,217.0
U01,2025-01-08 11:55:00,2025-01-08,8,11,228,20.5,0.05,662,22.86,moderate,2700,220.7
U01,2025-01-08 12:44:00,2025-01-08,8,12,275,21.1,0.82,937,22.86,moderate,2700,234.2
U01,2025-01-08 13:15:00,2025-01-08,8,13,181,20.9,0.52,1118,22.86,moderate,2700,223.6
U01,2025-01-08 16:04:00,2025-01-08,8,16,181,21.8,2.82,1299,22.86,moderate,2700,216.5
U01,2025-01-08 16:15:00,2025-01-08,8,16,136,18.0,0.18,1435,22.86,moderate,2700,205.0
U01,2025-01-08 16:25:00,2025-01-08,8,16,114,20.7,0.17,1549,22.86,moderate,2700,193.6
U01,2025-01-08 19:02:00,2025-01-08,8,19,200,18.0,2.62,1749,22.86,moderate,2700,194.3
U01,2025-01-09 08:28:00,2025-01-09,9,8,124,18.0,0.0,124,22.86,moderate,2700,124.0
U01,2025-01-09 16:02:00,2025-01-09,9,16,110,19.3,7.57,234,22.86,moderate,2700,117.0
U01,2025-01-09 16:29:00,2025-01-09,9,16,123,18.3,0.45,357,22.86,moderate,2700,119.0
U01,2025-01-09 19:15:00,2025-01-09,9,19,112,18.0,2.77,469,22.86,moderate,2700,117.2
U01,2025-01-09 20:56:00,2025-01-09,9,20,115,18.0,1.68,584,22.86,moderate,2700,116.8
U01,2025-01-10 06:34:00,2025-01-10,10,6,168,18.0,0.0,168,22.86,moderate,2700,168.0
U01,2025-01-10 06:43:00,2025-01-10,10,6,170,18.0,0.15,338,22.86,moderate,2700,169.0
U01,2025-01-10 07:58:00,2025-01-10,10,7,178,20.0,1.25,516,22.86,moderate,2700,172.0
U01,2025-01-10 10:05:00,2025-01-10,10,10,181,20.6,2.12,697,22.86,moderate,2700,174.2
U01,2025-01-10 12:32:00,2025-01-10,10,12,227,21.1,2.45,924,22.86,moderate,2700,184.8
U01,2025-01-10 15:18:00,2025-01-10,10,15,118,20.8,2.77,1042,22.86,moderate,2700,173.7
U01,2025-01-10 15:56:00,2025-01-10,10,15,133,18.0,0.63,1175,22.86,moderate,2700,167.9
U01,2025-01-10 17:37:00,2025-01-10,10,17,139,18.0,1.68,1314,22.86,moderate,2700,164.2
U01,2025-01-10 18:52:00,2025-01-10,10,18,130,18.0,1.25,1444,22.86,moderate,2700,160.4
U01,2025-01-10 19:14:00,2025-01-10,10,19,135,18.0,0.37,1579,22.86,moderate,2700,157.9
U01,2025-01-10 21:14:00,2025-01-10,10,21,137,18.0,2.0,1716,22.86,moderate,2700,156.0
U01,2025-01-10 21:24:00,2025-01-10,10,21,98,18.0,0.17,1814,22.86,moderate,2700,151.2
U01,2025-01-11 06:52:00,2025-01-11,11,6,172,18.0,0.0,172,22.86,moderate,2700,172.0
U01,2025-01-11 07:16:00,2025-01-11,11,7,198,18.0,0.4,370,22.86,moderate,2700,185.0
U01,2025-01-11 07:20:00,2025-01-11,11,7,209,18.3,0.07,579,22.86,moderate,2700,193.0
U01,2025-01-11 08:03:00,2025-01-11,11,8,209,21.4,0.72,788,22.86,moderate,2700,197.0
U01,2025-01-11 08:29:00,2025-01-11,11,8,152,18.6,0.43,940,22.86,moderate,2700,188.0
U01,2025-01-11 12:31:00,2025-01-11,11,12,216,19.5,4.03,1156,22.86,moderate,2700,192.7
U01,2025-01-11 15:19:00,2025-01-11,11,15,196,21.7,2.8,1352,22.86,moderate,2700,193.1
U01,2025-01-11 20:52:00,2025-01-11,11,20,140,18.0,5.55,1492,22.86,moderate,2700,186.5
U01,2025-01-12 07:03:00,2025-01-12,12,7,203,18.0,0.0,203,22.86,moderate,2700,203.0
U01,2025-01-12 07:51:00,2025-01-12,12,7,251,18.5,0.8,454,22.86,moderate,2700,227.0
U01,2025-01-12 08:08:00,2025-01-12,12,8,196,20.4,0.28,650,22.86,moderate,2700,216.7
U01,2025-01-12 10:01:00,2025-01-12,12,10,143,21.3,1.88,793,22.86,moderate,2700,198.2
U01,2025-01-12 10:24:00,2025-01-12,12,10,219,22.4,0.38,1012,22.86,moderate,2700,202.4
U01,2025-01-12 12:35:00,2025-01-12,12,12,195,23.5,2.18,1207,22.86,moderate,2700,201.2
U01,2025-01-12 13:08:00,2025-01-12,12,13,185,21.7,0.55,1392,22.86,moderate,2700,198.9
U01,2025-01-12 16:15:00,2025-01-12,12,16,131,18.0,3.12,1523,22.86,moderate,2700,190.4
U01,2025-01-12 19:05:00,2025-01-12,12,19,207,18.0,2.83,1730,22.86,moderate,2700,192.2
U01,2025-01-13 06:46:00,2025-01-13,13,6,222,18.0,0.0,222,22.86,moderate,2700,222.0
U01,2025-01-13 07:00:00,2025-01-13,13,7,182,18.0,0.23,404,22.86,moderate,2700,202.0
U01,2025-01-13 08:06:00,2025-01-13,13,8,130,18.8,1.1,534,22.86,moderate,2700,178.0
U01,2025-01-13 09:32:00,2025-01-13,13,9,241,18.0,1.43,775,22.86,moderate,2700,193.8
U01,2025-01-13 10:00:00,2025-01-13,13,10,192,23.5,0.47,967,22.86,moderate,2700,193.4
U01,2025-01-13 11:40:00,2025-01-13,13,11,159,22.4,1.67,1126,22.86,moderate,2700,187.7
U01,2025-01-13 12:50:00,2025-01-13,13,12,233,26.3,1.17,1359,22.86,moderate,2850,194.1
U01,2025-01-13 12:57:00,2025-01-13,13,12,171,21.5,0.12,1530,22.86,moderate,2700,191.2
U01,2025-01-13 13:02:00,2025-01-13,13,13,206,19.1,0.08,1736,22.86,moderate,2700,192.9
U01,2025-01-13 15:11:00,2025-01-13,13,15,107,19.1,2.15,1843,22.86,moderate,2700,184.3
U01,2025-01-13 17:54:00,2025-01-13,13,17,147,18.0,2.72,1990,22.86,moderate,2700,180.9
U01,2025-01-13 18:22:00,2025-01-13,13,18,206,19.2,0.47,2196,22.86,moderate,2700,183.0
U01,2025-01-13 18:35:00,2025-01-13,13,18,224,18.0,0.22,2420,22.86,moderate,2700,186.2
U01,2025-01-13 19:11:00,2025-01-13,13,19,154,18.0,0.6,2574,22.86,moderate,2700,183.9
U01,2025-01-13 20:40:00,2025-01-13,13,20,166,18.0,1.48,2740,22.86,moderate,2700,182.7
U01,2025-01-13 21:23:00,2025-01-13,13,21,144,18.0,0.72,2884,22.86,moderate,2700,180.2
U01,2025-01-14 06:30:00,2025-01-14,14,6,204,18.0,0.0,204,22.86,moderate,2700,204.0
U01,2025-01-14 07:44:00,2025-01-14,14,7,197,20.7,1.23,401,22.86,moderate,2700,200.5
U01,2025-01-14 12:39:00,2025-01-14,14,12,274,22.6,4.92,675,22.86,moderate,2700,225.0
U01,2025-01-14 15:06:00,2025-01-14,14,15,278,18.0,2.45,953,22.86,moderate,2700,238.2
U01,2025-01-14 15:33:00,2025-01-14,14,15,164,19.6,0.45,1117,22.86,moderate,2700,223.4
U01,2025-01-14 15:59:00,2025-01-14,14,15,125,21.2,0.43,1242,22.86,moderate,2700,207.0
U01,2025-01-14 18:11:00,2025-01-14,14,18,187,19.5,2.2,1429,22.86,moderate,2700,204.1
U01,2025-01-14 18:23:00,2025-01-14,14,18,184,18.0,0.2,1613,22.86,moderate,2700,201.6
U01,2025-01-15 07:21:00,2025-01-15,15,7,195,18.2,0.0,195,22.86,moderate,2700,195.0
U01,2025-01-15 07:35:00,2025-01-15,15,7,207,19.8,0.23,402,22.86,moderate,2700,201.0
U01,2025-01-15 07:37:00,2025-01-15,15,7,187,18.6,0.03,589,22.86,moderate,2700,196.3
U01,2025-01-15 07:40:00,2025-01-15,15,7,187,18.0,0.05,776,22.86,moderate,2700,194.0
U01,2025-01-15 07:49:00,2025-01-15,15,7,187,18.7,0.15,963,22.86,moderate,2700,192.6
U01,2025-01-15 07:57:00,2025-01-15,15,7,212,18.5,0.13,1175,22.86,moderate,2700,195.8
U01,2025-01-15 09:33:00,2025-01-15,15,9,140,21.6,1.6,1315,22.86,moderate,2700,187.9
U01,2025-01-15 09:50:00,2025-01-15,15,9,137,22.1,0.28,1452,22.86,moderate,2700,181.5
U01,2025-01-15 12:30:00,2025-01-15,15,12,169,18.7,2.67,1621,22.86,moderate,2700,180.1
U01,2025-01-15 12:33:00,2025-01-15,15,12,189,19.0,0.05,1810,22.86,moderate,2700,181.0
U01,2025-01-15 18:06:00,2025-01-15,15,18,230,18.0,5.55,2040,22.86,moderate,2700,185.5
U01,2025-01-15 18:29:00,2025-01-15,15,18,173,18.0,0.38,2213,22.86,moderate,2700,184.4
U01,2025-01-15 19:05:00,2025-01-15,15,19,113,18.0,0.6,2326,22.86,moderate,2700,178.9
U01,2025-01-16 06:32:00,2025-01-16,16,6,240,18.2,0.0,240,22.86,moderate,2700,240.0
U01,2025-01-16 06:36:00,2025-01-16,16,6,256,18.0,0.07,496,22.86,moderate,2700,248.0
U01,2025-01-16 07:02:00,2025-01-16,16,7,162,18.0,0.43,658,22.86,moderate,2700,219.3
U01,2025-01-16 11:53:00,2025-01-16,16,11,244,19.0,4.85,902,22.86,moderate,2700,225.5
U01,2025-01-16 11:57:00,2025-01-16,16,11,148,22.7,0.07,1050,22.86,moderate,2700,210.0
U01,2025-01-16 12:13:00,2025-01-16,16,12,166,22.3,0.27,1216,22.86,moderate,2700,202.7
U01,2025-01-16 13:16:00,2025-01-16,16,13,203,25.4,1.05,1419,22.86,moderate,2850,202.7
U01,2025-01-16 13:22:00,2025-01-16,16,13,221,21.9,0.1,1640,22.86,moderate,2700,205.0
U01,2025-01-16 15:12:00,2025-01-16,16,15,156,21.1,1.83,1796,22.86,moderate,2700,199.6
U01,2025-01-16 15:15:00,2025-01-16,16,15,164,19.2,0.05,1960,22.86,moderate,2700,196.0
U01,2025-01-16 15:26:00,2025-01-16,16,15,190,23.2,0.18,2150,22.86,moderate,2700,195.5
U01,2025-01-16 16:04:00,2025-01-16,16,16,134,21.8,0.63,2284,22.86,moderate,2700,190.3
U01,2025-01-16 16:13:00,2025-01-16,16,16,146,18.0,0.15,2430,22.86,moderate,2700,186.9
U01,2025-01-16 17:38:00,2025-01-16,16,17,212,18.2,1.42,2642,22.86,moderate,2700,188.7
U01,2025-01-16 20:38:00,2025-01-16,16,20,195,18.0,3.0,2837,22.86,moderate,2700,189.1
U01,2025-01-17 07:05:00,2025-01-17,17,7,195,19.4,0.0,195,22.86,moderate,2700,195.0
U01,2025-01-17 07:58:00,2025-01-17,17,7,144,19.8,0.88,339,22.86,moderate,2700,169.5
U01,2025-01-17 09:44:00,2025-01-17,17,9,215,18.9,1.77,554,22.86,moderate,2700,184.7
U01,2025-01-17 12:02:00,2025-01-17,17,12,245,20.7,2.3,799,22.86,moderate,2700,199.8
U01,2025-01-17 14:50:00,2025-01-17,17,14,254,21.3,2.8,1053,22.86,moderate,2700,210.6
U01,2025-01-17 18:30:00,2025-01-17,17,18,184,18.0,3.67,1237,22.86,moderate,2700,206.2
U01,2025-01-17 18:36:00,2025-01-17,17,18,200,18.0,0.1,1437,22.86,moderate,2700,205.3
U01,2025-01-17 18:59:00,2025-01-17,17,18,184,18.0,0.38,1621,22.86,moderate,2700,202.6
U01,2025-01-18 06:54:00,2025-01-18,18,6,178,18.0,0.0,178,22.86,moderate,2700,178.0
U01,2025-01-18 07:16:00,2025-01-18,18,7,196,18.4,0.37,374,22.86,moderate,2700,187.0
U01,2025-01-18 07:54:00,2025-01-18,18,7,168,19.0,0.63,542,22.86,moderate,2700,180.7
U01,2025-01-18 08:01:00,2025-01-18,18,8,193,19.0,0.12,735,22.86,moderate,2700,183.8
U01,2025-01-18 08:22:00,2025-01-18,18,8,171,20.7,0.35,906,22.86,moderate,2700,181.2
U01,2025-01-18 11:40:00,2025-01-18,18,11,157,22.2,3.3,1063,22.86,moderate,2700,177.2
U01,2025-01-18 15:15:00,2025-01-18,18,15,119,23.0,3.58,1182,22.86,moderate,2700,168.9
U01,2025-01-18 16:26:00,2025-01-18,18,16,121,18.5,1.18,1303,22.86,moderate,2700,162.9
U01,2025-01-18 16:28:00,2025-01-18,18,16,202,18.0,0.03,1505,22.86,moderate,2700,167.2
U01,2025-01-18 17:31:00,2025-01-18,18,17,155,18.0,1.05,1660,22.86,moderate,2700,166.0
U01,2025-01-18 18:05:00,2025-01-18,18,18,127,19.0,0.57,1787,22.86,moderate,2700,162.5
U01,2025-01-18 20:46:00,2025-01-18,18,20,107,18.0,2.68,1894,22.86,moderate,2700,157.8
U01,2025-01-19 06:46:00,2025-01-19,19,6,170,18.0,0.0,170,22.86,moderate,2700,170.0
U01,2025-01-19 06:59:00,2025-01-19,19,6,148,18.0,0.22,318,22.86,moderate,2700,159.0
U01,2025-01-19 07:46:00,2025-01-19,19,7,214,19.9,0.78,532,22.86,moderate,2700,177.3
U01,2025-01-19 11:37:00,2025-01-19,19,11,229,22.3,3.85,761,22.86,moderate,2700,190.2
U01,2025-01-19 12:28:00,2025-01-19,19,12,280,24.6,0.85,1041,22.86,moderate,2700,208.2
U01,2025-01-19 12:47:00,2025-01-19,19,12,161,19.3,0.32,1202,22.86,moderate,2700,200.3
U01,2025-01-19 15:08:00,2025-01-19,19,15,150,19.7,2.35,1352,22.86,moderate,2700,193.1
U01,2025-01-19 15:24:00,2025-01-19,19,15,128,21.4,0.27,1480,22.86,moderate,2700,185.0
U01,2025-01-19 16:17:00,2025-01-19,19,16,127,19.8,0.88,1607,22.86,moderate,2700,178.6
U01,2025-01-19 17:36:00,2025-01-19,19,17,137,18.0,1.32,1744,22.86,moderate,2700,174.4
U01,2025-01-19 18:11:00,2025-01-19,19,18,139,18.0,0.58,1883,22.86,moderate,2700,171.2
U01,2025-01-19 18:29:00,2025-01-19,19,18,211,18.0,0.3,2094,22.86,moderate,2700,174.5
U01,2025-01-19 18:45:00,2025-01-19,19,18,258,18.0,0.27,2352,22.86,moderate,2700,180.9
U01,2025-01-20 06:38:00,2025-01-20,20,6,220,19.1,0.0,220,22.86,moderate,2700,220.0
U01,2025-01-20 06:41:00,2025-01-20,20,6,241,18.4,0.05,461,22.86,moderate,2700,230.5
U01,2025-01-20 06:46:00,2025-01-20,20,6,230,19.2,0.08,691,22.86,moderate,2700,230.3
U01,2025-01-20 06:59:00,2025-01-20,20,6,188,18.0,0.22,879,22.86,moderate,2700,219.8
U01,2025-01-20 07:36:00,2025-01-20,20,7,133,18.6,0.62,1012,22.86,moderate,2700,202.4
U01,2025-01-20 07:36:00,2025-01-20,20,7,141,18.0,0.0,1153,22.86,moderate,2700,192.2
U01,2025-01-20 08:07:00,2025-01-20,20,8,132,20.2,0.52,1285,22.86,moderate,2700,183.6
U01,2025-01-20 08:17:00,2025-01-20,20,8,145,19.3,0.17,1430,22.86,moderate,2700,178.8
U01,2025-01-20 09:46:00,2025-01-20,20,9,139,22.7,1.48,1569,22.86,moderate,2700,174.3
U01,2025-01-20 11:33:00,2025-01-20,20,11,68,24.0,1.78,1637,22.86,moderate,2700,163.7
U01,2025-01-20 11:39:00,2025-01-20,20,11,188,24.0,0.1,1825,22.86,moderate,2700,165.9
U01,2025-01-20 12:35:00,2025-01-20,20,12,139,23.5,0.93,1964,22.86,moderate,2700,163.7
U01,2025-01-20 15:34:00,2025-01-20,20,15,148,22.2,2.98,2112,22.86,moderate,2700,162.5
U01,2025-01-20 17:56:00,2025-01-20,20,17,218,18.0,2.37,2330,22.86,moderate,2700,166.4
U01,2025-01-20 18:15:00,2025-01-20,20,18,122,19.3,0.32,2452,22.86,moderate,2700,163.5
U01,2025-01-20 18:51:00,2025-01-20,20,18,221,18.0,0.6,2673,22.86,moderate,2700,167.1
U01,2025-01-20 21:11:00,2025-01-20,20,21,175,18.0,2.33,2848,22.86,moderate,2700,167.5
U01,2025-01-21 06:54:00,2025-01-21,21,6,217,18.0,0.0,217,22.86,moderate,2700,217.0
U01,2025-01-21 07:31:00,2025-01-21,21,7,193,18.0,0.62,410,22.86,moderate,2700,205.0
U01,2025-01-21 08:26:00,2025-01-21,21,8,137,20.1,0.92,547,22.86,moderate,2700,182.3
U01,2025-01-21 09:34:00,2025-01-21,21,9,191,18.0,1.13,738,22.86,moderate,2700,184.5
U01,2025-01-21 11:33:00,2025-01-21,21,11,222,22.7,1.98,960,22.86,moderate,2700,192.0
U01,2025-01-21 12:58:00,2025-01-21,21,12,219,19.8,1.42,1179,22.86,moderate,2700,196.5
U01,2025-01-21 15:41:00,2025-01-21,21,15,123,20.4,2.72,1302,22.86,moderate,2700,186.0
U01,2025-01-21 21:29:00,2025-01-21,21,21,174,18.0,5.8,1476,22.86,moderate,2700,184.5
U01,2025-01-22 07:27:00,2025-01-22,22,7,164,18.0,0.0,164,22.86,moderate,2700,164.0
U01,2025-01-22 07:40:00,2025-01-22,22,7,231,19.8,0.22,395,22.86,moderate,2700,197.5
U01,2025-01-22 11:33:00,2025-01-22,22,11,188,22.6,3.88,583,22.86,moderate,2700,194.3
U01,2025-01-22 13:07:00,2025-01-22,22,13,228,21.0,1.57,811,22.86,moderate,2700,202.8
U01,2025-01-22 15:06:00,2025-01-22,22,15,178,24.3,1.98,989,22.86,moderate,2700,197.8
U01,2025-01-22 16:23:00,2025-01-22,22,16,154,18.5,1.28,1143,22.86,moderate,2700,190.5
U01,2025-01-22 17:51:00,2025-01-22,22,17,197,18.0,1.47,1340,22.86,moderate,2700,191.4
U01,2025-01-22 17:58:00,2025-01-22,22,17,212,19.4,0.12,1552,22.86,moderate,2700,194.0
U01,2025-01-22 18:26:00,2025-01-22,22,18,183,18.0,0.47,1735,22.86,moderate,2700,192.8
U01,2025-01-22 18:43:00,2025-01-22,22,18,142,18.0,0.28,1877,22.86,moderate,2700,187.7
U01,2025-01-22 20:32:00,2025-01-22,22,20,121,18.0,1.82,1998,22.86,moderate,2700,181.6
U01,2025-01-23 06:39:00,2025-01-23,23,6,181,18.0,0.0,181,22.86,moderate,2700,181.0
U01,2025-01-23 07:22:00,2025-01-23,23,7,195,18.9,0.72,376,22.86,moderate,2700,188.0
U01,2025-01-23 07:59:00,2025-01-23,23,7,216,18.6,0.62,592,22.86,moderate,2700,197.3
U01,2025-01-23 10:19:00,2025-01-23,23,10,219,20.9,2.33,811,22.86,moderate,2700,202.8
U01,2025-01-23 10:22:00,2025-01-23,23,10,160,24.0,0.05,971,22.86,moderate,2700,194.2
U01,2025-01-23 13:29:00,2025-01-23,23,13,181,21.0,3.12,1152,22.86,moderate,2700,192.0
U01,2025-01-23 18:03:00,2025-01-23,23,18,162,18.0,4.57,1314,22.86,moderate,2700,187.7
U01,2025-01-23 18:09:00,2025-01-23,23,18,184,18.0,0.1,1498,22.86,moderate,2700,187.2
U01,2025-01-23 18:50:00,2025-01-23,23,18,185,18.0,0.68,1683,22.86,moderate,2700,187.0
U01,2025-01-24 06:33:00,2025-01-24,24,6,241,18.0,0.0,241,22.86,moderate,2700,241.0
U01,2025-01-24 07:04:00,2025-01-24,24,7,186,20.4,0.52,427,22.86,moderate,2700,213.5
U01,2025-01-24 07:16:00,2025-01-24,24,7,163,18.6,0.2,590,22.86,moderate,2700,196.7
U01,2025-01-24 07:50:00,2025-01-24,24,7,234,18.9,0.57,824,22.86,moderate,2700,206.0
U01,2025-01-24 08:29:00,2025-01-24,24,8,176,19.1,0.65,1000,22.86,moderate,2700,200.0
U01,2025-01-24 11:34:00,2025-01-24,24,11,167,23.0,3.08,1167,22.86,moderate,2700,194.5
U01,2025-01-24 11:40:00,2025-01-24,24,11,139,21.5,0.1,1306,22.86,moderate,2700,186.6
U01,2025-01-24 12:08:00,2025-01-24,24,12,182,19.7,0.47,1488,22.86,moderate,2700,186.0
U01,2025-01-24 12:36:00,2025-01-24,24,12,172,24.2,0.47,1660,22.86,moderate,2700,184.4
U01,2025-01-24 17:32:00,2025-01-24,24,17,199,18.0,4.93,1859,22.86,moderate,2700,185.9
U01,2025-01-25 08:15:00,2025-01-25,25,8,245,22.5,0.0,245,22.86,moderate,2700,245.0
U01,2025-01-25 10:17:00,2025-01-25,25,10,152,22.4,2.03,397,22.86,moderate,2700,198.5
U01,2025-01-25 12:39:00,2025-01-25,25,12,236,21.6,2.37,633,22.86,moderate,2700,211.0
U01,2025-01-25 13:24:00,2025-01-25,25,13,284,20.3,0.75,917,22.86,moderate,2700,229.2
U01,2025-01-25 17:39:00,2025-01-25,25,17,238,18.0,4.25,1155,22.86,moderate,2700,231.0
U01,2025-01-25 18:30:00,2025-01-25,25,18,168,20.5,0.85,1323,22.86,moderate,2700,220.5
U01,2025-01-25 19:22:00,2025-01-25,25,19,177,18.0,0.87,1500,22.86,moderate,2700,214.3
U01,2025-01-25 21:06:00,2025-01-25,25,21,188,18.0,1.73,1688,22.86,moderate,2700,211.0
U01,2025-01-26 06:36:00,2025-01-26,26,6,166,18.0,0.0,166,22.86,moderate,2700,166.0
U01,2025-01-26 07:01:00,2025-01-26,26,7,216,20.3,0.42,382,22.86,moderate,2700,191.0
U01,2025-01-26 07:22:00,2025-01-26,26,7,191,19.0,0.35,573,22.86,moderate,2700,191.0
U01,2025-01-26 09:36:00,2025-01-26,26,9,226,21.4,2.23,799,22.86,moderate,2700,199.8
U01,2025-01-26 11:50:00,2025-01-26,26,11,245,24.6,2.23,1044,22.86,moderate,2700,208.8
U01,2025-01-26 15:07:00,2025-01-26,26,15,144,21.7,3.28,1188,22.86,moderate,2700,198.0
U01,2025-01-26 17:30:00,2025-01-26,26,17,195,19.1,2.38,1383,22.86,moderate,2700,197.6
U01,2025-01-26 18:13:00,2025-01-26,26,18,219,18.4,0.72,1602,22.86,moderate,2700,200.2
U01,2025-01-27 07:33:00,2025-01-27,27,7,115,21.5,0.0,115,22.86,moderate,2700,115.0
U01,2025-01-27 15:19:00,2025-01-27,27,15,138,20.9,7.77,253,22.86,moderate,2700,126.5
U01,2025-01-27 16:09:00,2025-01-27,27,16,84,20.9,0.83,337,22.86,moderate,2700,112.3
U01,2025-01-27 18:39:00,2025-01-27,27,18,137,18.0,2.5,474,22.86,moderate,2700,118.5
U01,2025-01-27 19:22:00,2025-01-27,27,19,129,18.0,0.72,603,22.86,moderate,2700,120.6
U01,2025-01-27 20:49:00,2025-01-27,27,20,112,18.0,1.45,715,22.86,moderate,2700,119.2
U01,2025-01-27 20:58:00,2025-01-27,27,20,126,18.0,0.15,841,22.86,moderate,2700,120.1
U01,2025-01-28 06:37:00,2025-01-28,28,6,207,18.5,0.0,207,22.86,moderate,2700,207.0
U01,2025-01-28 08:17:00,2025-01-28,28,8,179,19.4,1.67,386,22.86,moderate,2700,193.0
U01,2025-01-28 08:22:00,2025-01-28,28,8,235,20.2,0.08,621,22.86,moderate,2700,207.0
U01,2025-01-28 09:47:00,2025-01-28,28,9,188,22.1,1.42,809,22.86,moderate,2700,202.2
U01,2025-01-28 10:07:00,2025-01-28,28,10,114,23.2,0.33,923,22.86,moderate,2700,184.6
U01,2025-01-28 12:00:00,2025-01-28,28,12,147,24.5,1.88,1070,22.86,moderate,2700,178.3
U01,2025-01-28 12:07:00,2025-01-28,28,12,166,22.2,0.12,1236,22.86,moderate,2700,176.6
U01,2025-01-28 12:22:00,2025-01-28,28,12,234,20.8,0.25,1470,22.86,moderate,2700,183.8
U01,2025-01-28 12:53:00,2025-01-28,28,12,210,22.1,0.52,1680,22.86,moderate,2700,186.7
U01,2025-01-28 15:46:00,2025-01-28,28,15,164,21.2,2.88,1844,22.86,moderate,2700,184.4
U01,2025-01-28 18:20:00,2025-01-28,28,18,141,18.0,2.57,1985,22.86,moderate,2700,180.5
U01,2025-01-28 18:56:00,2025-01-28,28,18,165,19.3,0.6,2150,22.86,moderate,2700,179.2
U01,2025-01-29 06:45:00,2025-01-29,29,6,179,18.0,0.0,179,22.86,moderate,2700,179.0
U01,2025-01-29 07:20:00,2025-01-29,29,7,168,18.9,0.58,347,22.86,moderate,2700,173.5
U01,2025-01-29 11:46:00,2025-01-29,29,11,213,22.4,4.43,560,22.86,moderate,2700,186.7
U01,2025-01-29 13:02:00,2025-01-29,29,13,250,21.8,1.27,810,22.86,moderate,2700,202.5
U01,2025-01-29 14:40:00,2025-01-29,29,14,213,22.4,1.63,1023,22.86,moderate,2700,204.6
U01,2025-01-29 14:42:00,2025-01-29,29,14,232,22.0,0.03,1255,22.86,moderate,2700,209.2
U01,2025-01-29 18:05:00,2025-01-29,29,18,268,18.0,3.38,1523,22.86,moderate,2700,217.6
U01,2025-01-29 19:06:00,2025-01-29,29,19,192,18.0,1.02,1715,22.86,moderate,2700,214.4
U01,2025-01-30 07:13:00,2025-01-30,30,7,192,20.7,0.0,192,22.86,moderate,2700,192.0
U01,2025-01-30 07:20:00,2025-01-30,30,7,243,19.7,0.12,435,22.86,moderate,2700,217.5
U01,2025-01-30 07:44:00,2025-01-30,30,7,210,20.1,0.4,645,22.86,moderate,2700,215.0
U01,2025-01-30 10:26:00,2025-01-30,30,10,171,19.7,2.7,816,22.86,moderate,2700,204.0
U01,2025-01-30 12:10:00,2025-01-30,30,12,217,24.5,1.73,1033,22.86,moderate,2700,206.6
U01,2025-01-30 13:10:00,2025-01-30,30,13,219,23.8,1.0,1252,22.86,moderate,2700,208.7
U01,2025-01-30 14:45:00,2025-01-30,30,14,192,24.2,1.58,1444,22.86,moderate,2700,206.3
U01,2025-01-30 15:22:00,2025-01-30,30,15,119,21.6,0.62,1563,22.86,moderate,2700,195.4
U01,2025-01-30 18:16:00,2025-01-30,30,18,130,18.0,2.9,1693,22.86,moderate,2700,188.1
U01,2025-01-30 18:17:00,2025-01-30,30,18,226,18.0,0.02,1919,22.86,moderate,2700,191.9
U01,2025-01-30 18:28:00,2025-01-30,30,18,170,18.0,0.18,2089,22.86,moderate,2700,189.9
U01,2025-01-30 18:36:00,2025-01-30,30,18,161,18.0,0.13,2250,22.86,moderate,2700,187.5
U01,2025-01-30 20:52:00,2025-01-30,30,20,128,18.0,2.27,2378,22.86,moderate,2700,182.9
U01,2025-01-30 21:13:00,2025-01-30,30,21,196,18.0,0.35,2574,22.86,moderate,2700,183.9
U01,2025-01-30 21:22:00,2025-01-30,30,21,129,18.0,0.15,2703,22.86,moderate,2700,180.2
U01,2025-01-31 08:01:00,2025-01-31,31,8,198,20.7,0.0,198,22.86,moderate,2700,198.0
U01,2025-01-31 08:12:00,2025-01-31,31,8,191,19.4,0.18,389,22.86,moderate,2700,194.5
U01,2025-01-31 12:06:00,2025-01-31,31,12,247,20.5,3.9,636,22.86,moderate,2700,212.0
U01,2025-01-31 12:41:00,2025-01-31,31,12,216,21.5,0.58,852,22.86,moderate,2700,213.0
U01,2025-01-31 13:18:00,2025-01-31,31,13,241,23.1,0.62,1093,22.86,moderate,2700,218.6
U01,2025-01-31 13:23:00,2025-01-31,31,13,152,24.2,0.08,1245,22.86,moderate,2700,207.5
U01,2025-01-31 16:18:00,2025-01-31,31,16,178,19.0,2.92,1423,22.86,moderate,2700,203.3
U01,2025-01-31 16:23:00,2025-01-31,31,16,143,19.1,0.08,1566,22.86,moderate,2700,195.8
U01,2025-01-31 18:52:00,2025-01-31,31,18,150,18.8,2.48,1716,22.86,moderate,2700,190.7
U01,2025-02-01 11:59:00,2025-02-01,32,11,192,24.1,0.0,192,22.86,moderate,2700,192.0
U01,2025-02-01 13:23:00,2025-02-01,32,13,295,23.4,1.4,487,22.86,moderate,2700,243.5
U01,2025-02-01 16:08:00,2025-02-01,32,16,168,19.3,2.75,655,22.86,moderate,2700,218.3
U01,2025-02-01 16:18:00,2025-02-01,32,16,213,21.7,0.17,868,22.86,moderate,2700,217.0
U01,2025-02-01 18:01:00,2025-02-01,32,18,197,19.7,1.72,1065,22.86,moderate,2700,213.0
U01,2025-02-01 18:17:00,2025-02-01,32,18,192,18.0,0.27,1257,22.86,moderate,2700,209.5
U01,2025-02-01 19:17:00,2025-02-01,32,19,172,18.0,1.0,1429,22.86,moderate,2700,204.1
U01,2025-02-01 20:40:00,2025-02-01,32,20,139,18.0,1.38,1568,22.86,moderate,2700,196.0
U01,2025-02-01 21:25:00,2025-02-01,32,21,93,18.3,0.75,1661,22.86,moderate,2700,184.6
U01,2025-02-02 07:46:00,2025-02-02,33,7,141,20.1,0.0,141,22.86,moderate,2700,141.0
U01,2025-02-02 09:56:00,2025-02-02,33,9,114,22.8,2.17,255,22.86,moderate,2700,127.5
U01,2025-02-02 16:02:00,2025-02-02,33,16,135,19.6,6.1,390,22.86,moderate,2700,130.0
U01,2025-02-02 16:11:00,2025-02-02,33,16,150,22.4,0.15,540,22.86,moderate,2700,135.0
U01,2025-02-02 16:13:00,2025-02-02,33,16,97,18.2,0.03,637,22.86,moderate,2700,127.4
U01,2025-02-02 18:59:00,2025-02-02,33,18,109,20.0,2.77,746,22.86,moderate,2700,124.3
U01,2025-02-02 20:45:00,2025-02-02,33,20,115,18.0,1.77,861,22.86,moderate,2700,123.0
U01,2025-02-03 07:51:00,2025-02-03,34,7,190,22.0,0.0,190,22.86,moderate,2700,190.0
U01,2025-02-03 10:13:00,2025-02-03,34,10,163,24.6,2.37,353,22.86,moderate,2700,176.5
U01,2025-02-03 11:33:00,2025-02-03,34,11,157,22.3,1.33,510,22.86,moderate,2700,170.0
U01,2025-02-03 12:46:00,2025-02-03,34,12,273,23.4,1.22,783,22.86,moderate,2700,195.8
U01,2025-02-03 14:33:00,2025-02-03,34,14,286,22.7,1.78,1069,22.86,moderate,2700,213.8
U01,2025-02-03 14:43:00,2025-02-03,34,14,206,21.5,0.17,1275,22.86,moderate,2700,212.5
U01,2025-02-03 18:09:00,2025-02-03,34,18,190,18.0,3.43,1465,22.86,moderate,2700,209.3
U01,2025-02-03 18:40:00,2025-02-03,34,18,197,19.1,0.52,1662,22.86,moderate,2700,207.8
U01,2025-02-03 20:35:00,2025-02-03,34,20,123,18.0,1.92,1785,22.86,moderate,2700,198.3
U01,2025-02-03 20:49:00,2025-02-03,34,20,142,18.0,0.23,1927,22.86,moderate,2700,192.7
U01,2025-02-03 21:27:00,2025-02-03,34,21,171,18.0,0.63,2098,22.86,moderate,2700,190.7
U01,2025-02-04 06:36:00,2025-02-04,35,6,177,18.1,0.0,177,22.86,moderate,2700,177.0
U01,2025-02-04 08:07:00,2025-02-04,35,8,173,21.7,1.52,350,22.86,moderate,2700,175.0
U01,2025-02-04 11:42:00,2025-02-04,35,11,199,23.3,3.58,549,22.86,moderate,2700,183.0
U01,2025-02-04 14:38:00,2025-02-04,35,14,264,24.4,2.93,813,22.86,moderate,2700,203.2
U01,2025-02-04 14:59:00,2025-02-04,35,14,224,22.7,0.35,1037,22.86,moderate,2700,207.4
U01,2025-02-04 15:03:00,2025-02-04,35,15,166,24.0,0.07,1203,22.86,moderate,2700,200.5
U01,2025-02-04 15:39:00,2025-02-04,35,15,110,22.0,0.6,1313,22.86,moderate,2700,187.6
U01,2025-02-04 15:48:00,2025-02-04,35,15,140,20.3,0.15,1453,22.86,moderate,2700,181.6
U01,2025-02-04 18:01:00,2025-02-04,35,18,174,18.0,2.22,1627,22.86,moderate,2700,180.8
U01,2025-02-04 21:06:00,2025-02-04,35,21,165,18.0,3.08,1792,22.86,moderate,2700,179.2
U01,2025-02-05 07:00:00,2025-02-05,36,7,212,21.2,0.0,212,22.86,moderate,2700,212.0
U01,2025-02-05 07:33:00,2025-02-05,36,7,220,21.1,0.55,432,22.86,moderate,2700,216.0
U01,2025-02-05 08:09:00,2025-02-05,36,8,168,23.6,0.6,600,22.86,moderate,2700,200.0
U01,2025-02-05 09:34:00,2025-02-05,36,9,134,22.6,1.42,734,22.86,moderate,2700,183.5
U01,2025-02-05 09:40:00,2025-02-05,36,9,197,20.1,0.1,931,22.86,moderate,2700,186.2
U01,2025-02-05 09:53:00,2025-02-05,36,9,146,22.7,0.22,1077,22.86,moderate,2700,179.5
U01,2025-02-05 11:40:00,2025-02-05,36,11,138,22.5,1.78,1215,22.86,moderate,2700,173.6
U01,2025-02-05 11:56:00,2025-02-05,36,11,138,25.4,0.27,1353,22.86,moderate,2850,169.1
U01,2025-02-05 13:06:00,2025-02-05,36,13,223,26.0,1.17,1576,22.86,moderate,2850,175.1
U01,2025-02-05 13:16:00,2025-02-05,36,13,164,24.0,0.17,1740,22.86,moderate,2700,174.0
U01,2025-02-05 14:30:00,2025-02-05,36,14,185,24.2,1.23,1925,22.86,moderate,2700,175.0
U01,2025-02-05 15:43:00,2025-02-05,36,15,165,20.2,1.22,2090,22.86,moderate,2700,174.2
U01,2025-02-05 15:44:00,2025-02-05,36,15,127,20.0,0.02,2217,22.86,moderate,2700,170.5
U01,2025-02-05 17:47:00,2025-02-05,36,17,246,19.8,2.05,2463,22.86,moderate,2700,175.9
U01,2025-02-05 20:42:00,2025-02-05,36,20,136,18.0,2.92,2599,22.86,moderate,2700,173.3
U01,2025-02-06 06:33:00,2025-02-06,37,6,201,18.0,0.0,201,22.86,moderate,2700,201.0
U01,2025-02-06 07:18:00,2025-02-06,37,7,251,20.0,0.75,452,22.86,moderate,2700,226.0
U01,2025-02-06 07:20:00,2025-02-06,37,7,202,19.6,0.03,654,22.86,moderate,2700,218.0
U01,2025-02-06 07:58:00,2025-02-06,37,7,186,20.3,0.63,840,22.86,moderate,2700,210.0
U01,2025-02-06 14:53:00,2025-02-06,37,14,238,21.7,6.92,1078,22.86,moderate,2700,215.6
U01,2025-02-06 15:08:00,2025-02-06,37,15,110,20.7,0.25,1188,22.86,moderate,2700,198.0
U01,2025-02-06 16:09:00,2025-02-06,37,16,184,22.1,1.02,1372,22.86,moderate,2700,196.0
U01,2025-02-06 17:48:00,2025-02-06,37,17,166,19.2,1.65,1538,22.86,moderate,2700,192.2
U01,2025-02-06 17:57:00,2025-02-06,37,17,158,20.3,0.15,1696,22.86,moderate,2700,188.4
U01,2025-02-06 18:36:00,2025-02-06,37,18,206,18.0,0.65,1902,22.86,moderate,2700,190.2
U01,2025-02-06 19:06:00,2025-02-06,37,19,219,18.2,0.5,2121,22.86,moderate,2700,192.8
U01,2025-02-06 20:45:00,2025-02-06,37,20,134,18.0,1.65,2255,22.86,moderate,2700,187.9
U01,2025-02-06 21:23:00,2025-02-06,37,21,122,18.0,0.63,2377,22.86,moderate,2700,182.8
U01,2025-02-07 07:25:00,2025-02-07,38,7,96,19.1,0.0,96,22.86,moderate,2700,96.0
U01,2025-02-07 07:37:00,2025-02-07,38,7,84,18.0,0.2,180,22.86,moderate,2700,90.0
U01,2025-02-07 07:49:00,2025-02-07,38,7,122,20.9,0.2,302,22.86,moderate,2700,100.7
U01,2025-02-07 11:47:00,2025-02-07,38,11,114,22.8,3.97,416,22.86,moderate,2700,104.0
U01,2025-02-07 13:25:00,2025-02-07,38,13,147,23.9,1.63,563,22.86,moderate,2700,112.6
U01,2025-02-07 17:36:00,2025-02-07,38,17,154,18.0,4.18,717,22.86,moderate,2700,119.5
U01,2025-02-08 07:00:00,2025-02-08,39,7,230,19.8,0.0,230,22.86,moderate,2700,230.0
U01,2025-02-08 07:36:00,2025-02-08,39,7,163,20.4,0.6,393,22.86,moderate,2700,196.5
U01,2025-02-08 07:42:00,2025-02-08,39,7,223,21.0,0.1,616,22.86,moderate,2700,205.3
U01,2025-02-08 09:39:00,2025-02-08,39,9,218,21.8,1.95,834,22.86,moderate,2700,208.5
U01,2025-02-08 13:13:00,2025-02-08,39,13,194,24.0,3.57,1028,22.86,moderate,2700,205.6
U01,2025-02-08 13:15:00,2025-02-08,39,13,232,21.7,0.03,1260,22.86,moderate,2700,210.0
U01,2025-02-08 13:28:00,2025-02-08,39,13,217,24.8,0.22,1477,22.86,moderate,2700,211.0
U01,2025-02-08 15:02:00,2025-02-08,39,15,178,24.7,1.57,1655,22.86,moderate,2700,206.9
U01,2025-02-08 15:03:00,2025-02-08,39,15,83,23.4,0.02,1738,22.86,moderate,2700,193.1
U01,2025-02-08 15:15:00,2025-02-08,39,15,152,24.1,0.2,1890,22.86,moderate,2700,189.0
U01,2025-02-08 16:04:00,2025-02-08,39,16,159,21.8,0.82,2049,22.86,moderate,2700,186.3
U01,2025-02-08 16:09:00,2025-02-08,39,16,183,22.5,0.08,2232,22.86,moderate,2700,186.0
U01,2025-02-08 18:03:00,2025-02-08,39,18,194,19.8,1.9,2426,22.86,moderate,2700,186.6
U01,2025-02-08 19:02:00,2025-02-08,39,19,79,18.0,0.98,2505,22.86,moderate,2700,178.9
U01,2025-02-08 19:26:00,2025-02-08,39,19,151,18.0,0.4,2656,22.86,moderate,2700,177.1
U01,2025-02-09 09:33:00,2025-02-09,40,9,224,21.5,0.0,224,22.86,moderate,2700,224.0
U01,2025-02-09 09:38:00,2025-02-09,40,9,239,22.4,0.08,463,22.86,moderate,2700,231.5
U01,2025-02-09 11:33:00,2025-02-09,40,11,180,25.4,1.92,643,22.86,moderate,2850,214.3
U01,2025-02-09 11:40:00,2025-02-09,40,11,220,25.2,0.12,863,22.86,moderate,2850,215.8
U01,2025-02-09 11:54:00,2025-02-09,40,11,174,19.6,0.23,1037,22.86,moderate,2700,207.4
U01,2025-02-09 14:54:00,2025-02-09,40,14,173,22.6,3.0,1210,22.86,moderate,2700,201.7
U01,2025-02-09 15:58:00,2025-02-09,40,15,145,21.2,1.07,1355,22.86,moderate,2700,193.6
U01,2025-02-09 17:40:00,2025-02-09,40,17,139,20.9,1.7,1494,22.86,moderate,2700,186.8
U01,2025-02-09 18:10:00,2025-02-09,40,18,197,19.2,0.5,1691,22.86,moderate,2700,187.9
U01,2025-02-09 21:03:00,2025-02-09,40,21,117,18.2,2.88,1808,22.86,moderate,2700,180.8
U01,2025-02-09 21:07:00,2025-02-09,40,21,157,18.0,0.07,1965,22.86,moderate,2700,178.6
U01,2025-02-10 07:05:00,2025-02-10,41,7,253,20.3,0.0,253,22.86,moderate,2700,253.0
U01,2025-02-10 07:25:00,2025-02-10,41,7,186,22.8,0.33,439,22.86,moderate,2700,219.5
U01,2025-02-10 10:26:00,2025-02-10,41,10,214,22.5,3.02,653,22.86,moderate,2700,217.7
U01,2025-02-10 12:41:00,2025-02-10,41,12,259,22.5,2.25,912,22.86,moderate,2700,228.0
U01,2025-02-10 12:57:00,2025-02-10,41,12,236,25.2,0.27,1148,22.86,moderate,2850,229.6
U01,2025-02-10 12:58:00,2025-02-10,41,12,193,23.9,0.02,1341,22.86,moderate,2700,223.5
U01,2025-02-10 13:12:00,2025-02-10,41,13,175,22.5,0.23,1516,22.86,moderate,2700,216.6
U01,2025-02-10 14:46:00,2025-02-10,41,14,211,23.0,1.57,1727,22.86,moderate,2700,215.9
U01,2025-02-10 16:04:00,2025-02-10,41,16,125,22.9,1.3,1852,22.86,moderate,2700,205.8
U01,2025-02-10 20:34:00,2025-02-10,41,20,141,18.8,4.5,1993,22.86,moderate,2700,199.3
U01,2025-02-10 20:50:00,2025-02-10,41,20,127,18.0,0.27,2120,22.86,moderate,2700,192.7
U01,2025-02-10 21:21:00,2025-02-10,41,21,176,18.0,0.52,2296,22.86,moderate,2700,191.3
U01,2025-02-10 21:22:00,2025-02-10,41,21,141,18.0,0.02,2437,22.86,moderate,2700,187.5
U01,2025-02-11 09:48:00,2025-02-11,42,9,190,21.5,0.0,190,22.86,moderate,2700,190.0
U01,2025-02-11 10:13:00,2025-02-11,42,10,183,22.8,0.42,373,22.86,moderate,2700,186.5
U01,2025-02-11 12:45:00,2025-02-11,42,12,236,25.1,2.53,609,22.86,moderate,2850,203.0
U01,2025-02-11 13:03:00,2025-02-11,42,13,329,25.5,0.3,938,22.86,moderate,2850,234.5
U01,2025-02-11 13:06:00,2025-02-11,42,13,204,23.5,0.05,1142,22.86,moderate,2700,228.4
U01,2025-02-11 15:53:00,2025-02-11,42,15,204,23.2,2.78,1346,22.86,moderate,2700,224.3
U01,2025-02-11 18:03:00,2025-02-11,42,18,155,19.0,2.17,1501,22.86,moderate,2700,214.4
U01,2025-02-11 18:59:00,2025-02-11,42,18,178,18.0,0.93,1679,22.86,moderate,2700,209.9
U01,2025-02-11 20:55:00,2025-02-11,42,20,210,18.0,1.93,1889,22.86,moderate,2700,209.9
U01,2025-02-12 06:53:00,2025-02-12,43,6,215,20.8,0.0,215,22.86,moderate,2700,215.0
U01,2025-02-12 07:33:00,2025-02-12,43,7,182,22.5,0.67,397,22.86,moderate,2700,198.5
U01,2025-02-12 09:36:00,2025-02-12,43,9,206,20.0,2.05,603,22.86,moderate,2700,201.0
U01,2025-02-12 10:17:00,2025-02-12,43,10,241,24.1,0.68,844,22.86,moderate,2700,211.0
U01,2025-02-12 10:24:00,2025-02-12,43,10,216,25.4,0.12,1060,22.86,moderate,2850,212.0
U01,2025-02-12 12:01:00,2025-02-12,43,12,194,25.4,1.62,1254,22.86,moderate,2850,209.0
U01,2025-02-12 14:39:00,2025-02-12,43,14,203,21.7,2.63,1457,22.86,moderate,2700,208.1
U01,2025-02-12 15:18:00,2025-02-12,43,15,169,24.3,0.65,1626,22.86,moderate,2700,203.2
U01,2025-02-12 16:22:00,2025-02-12,43,16,137,23.0,1.07,1763,22.86,moderate,2700,195.9
U01,2025-02-12 17:37:00,2025-02-12,43,17,194,20.1,1.25,1957,22.86,moderate,2700,195.7
U01,2025-02-12 18:17:00,2025-02-12,43,18,164,18.4,0.67,2121,22.86,moderate,2700,192.8
U01,2025-02-12 19:03:00,2025-02-12,43,19,202,18.4,0.77,2323,22.86,moderate,2700,193.6
U01,2025-02-12 20:49:00,2025-02-12,43,20,115,18.0,1.77,2438,22.86,moderate,2700,187.5
U01,2025-02-12 21:03:00,2025-02-12,43,21,156,18.0,0.23,2594,22.86,moderate,2700,185.3
U01,2025-02-12 21:28:00,2025-02-12,43,21,157,18.0,0.42,2751,22.86,moderate,2700,183.4
U01,2025-02-13 06:31:00,2025-02-13,44,6,231,19.5,0.0,231,22.86,moderate,2700,231.0
U01,2025-02-13 07:36:00,2025-02-13,44,7,190,20.0,1.08,421,22.86,moderate,2700,210.5
U01,2025-02-13 07:39:00,2025-02-13,44,7,186,21.0,0.05,607,22.86,moderate,2700,202.3
U01,2025-02-13 08:19:00,2025-02-13,44,8,194,23.1,0.67,801,22.86,moderate,2700,200.2
U01,2025-02-13 12:23:00,2025-02-13,44,12,268,23.2,4.07,1069,22.86,moderate,2700,213.8
U01,2025-02-13 13:03:00,2025-02-13,44,13,260,22.5,0.67,1329,22.86,moderate,2700,221.5
U01,2025-02-13 13:28:00,2025-02-13,44,13,215,26.6,0.42,1544,22.86,moderate,2850,220.6
U01,2025-02-13 15:28:00,2025-02-13,44,15,161,23.5,2.0,1705,22.86,moderate,2700,213.1
U01,2025-02-13 15:37:00,2025-02-13,44,15,158,22.2,0.15,1863,22.86,moderate,2700,207.0
U01,2025-02-13 15:37:00,2025-02-13,44,15,165,21.5,0.0,2028,22.86,moderate,2700,202.8
U01,2025-02-13 18:51:00,2025-02-13,44,18,168,20.7,3.23,2196,22.86,moderate,2700,199.6
U01,2025-02-13 18:58:00,2025-02-13,44,18,143,18.5,0.12,2339,22.86,moderate,2700,194.9
U01,2025-02-13 19:19:00,2025-02-13,44,19,164,20.2,0.35,2503,22.86,moderate,2700,192.5
U01,2025-02-14 07:56:00,2025-02-14,45,7,179,21.3,0.0,179,22.86,moderate,2700,179.0
U01,2025-02-14 08:09:00,2025-02-14,45,8,214,23.2,0.22,393,22.86,moderate,2700,196.5
U01,2025-02-14 09:33:00,2025-02-14,45,9,204,23.1,1.4,597,22.86,moderate,2700,199.0
U01,2025-02-14 09:54:00,2025-02-14,45,9,228,26.1,0.35,825,22.86,moderate,2850,206.2
U01,2025-02-14 11:31:00,2025-02-14,45,11,215,27.6,1.62,1040,22.86,moderate,2850,208.0
U01,2025-02-14 13:02:00,2025-02-14,45,13,192,22.1,1.52,1232,22.86,moderate,2700,205.3
U01,2025-02-14 14:43:00,2025-02-14,45,14,215,21.2,1.68,1447,22.86,moderate,2700,206.7
U01,2025-02-14 15:10:00,2025-02-14,45,15,123,24.1,0.45,1570,22.86,moderate,2700,196.2
U01,2025-02-14 15:40:00,2025-02-14,45,15,154,22.0,0.5,1724,22.86,moderate,2700,191.6
U01,2025-02-14 18:14:00,2025-02-14,45,18,141,18.0,2.57,1865,22.86,moderate,2700,186.5
U01,2025-02-14 21:27:00,2025-02-14,45,21,153,18.0,3.22,2018,22.86,moderate,2700,183.5
U01,2025-02-15 07:14:00,2025-02-15,46,7,168,21.9,0.0,168,22.86,moderate,2700,168.0
U01,2025-02-15 08:04:00,2025-02-15,46,8,107,19.4,0.83,275,22.86,moderate,2700,137.5
U01,2025-02-15 08:22:00,2025-02-15,46,8,113,24.3,0.3,388,22.86,moderate,2700,129.3
U01,2025-02-15 11:43:00,2025-02-15,46,11,123,25.7,3.35,511,22.86,moderate,2850,127.8
U01,2025-02-15 12:22:00,2025-02-15,46,12,129,27.7,0.65,640,22.86,moderate,2850,128.0
U01,2025-02-15 12:33:00,2025-02-15,46,12,181,26.4,0.18,821,22.86,moderate,2850,136.8
U01,2025-02-15 19:24:00,2025-02-15,46,19,121,18.0,6.85,942,22.86,moderate,2700,134.6
U01,2025-02-16 06:43:00,2025-02-16,47,6,182,21.3,0.0,182,22.86,moderate,2700,182.0
U01,2025-02-16 07:07:00,2025-02-16,47,7,281,21.7,0.4,463,22.86,moderate,2700,231.5
U01,2025-02-16 07:46:00,2025-02-16,47,7,194,21.6,0.65,657,22.86,moderate,2700,219.0
U01,2025-02-16 07:51:00,2025-02-16,47,7,194,19.8,0.08,851,22.86,moderate,2700,212.8
U01,2025-02-16 09:56:00,2025-02-16,47,9,158,21.9,2.08,1009,22.86,moderate,2700,201.8
U01,2025-02-16 10:09:00,2025-02-16,47,10,85,24.2,0.22,1094,22.86,moderate,2700,182.3
U01,2025-02-16 11:42:00,2025-02-16,47,11,182,24.5,1.55,1276,22.86,moderate,2700,182.3
U01,2025-02-16 14:32:00,2025-02-16,47,14,180,23.4,2.83,1456,22.86,moderate,2700,182.0
U01,2025-02-16 15:21:00,2025-02-16,47,15,94,21.2,0.82,1550,22.86,moderate,2700,172.2
U01,2025-02-16 15:23:00,2025-02-16,47,15,144,24.5,0.03,1694,22.86,moderate,2700,169.4
U01,2025-02-16 16:29:00,2025-02-16,47,16,195,23.4,1.1,1889,22.86,moderate,2700,171.7
U01,2025-02-16 17:44:00,2025-02-16,47,17,163,22.4,1.25,2052,22.86,moderate,2700,171.0
U01,2025-02-16 18:08:00,2025-02-16,47,18,161,19.9,0.4,2213,22.86,moderate,2700,170.2
U01,2025-02-16 21:28:00,2025-02-16,47,21,160,18.0,3.33,2373,22.86,moderate,2700,169.5
U01,2025-02-17 06:54:00,2025-02-17,48,6,257,20.3,0.0,257,22.86,moderate,2700,257.0
U01,2025-02-17 09:51:00,2025-02-17,48,9,196,22.1,2.95,453,22.86,moderate,2700,226.5
U01,2025-02-17 10:05:00,2025-02-17,48,10,194,25.3,0.23,647,22.86,moderate,2850,215.7
U01,2025-02-17 10:13:00,2025-02-17,48,10,218,23.3,0.13,865,22.86,moderate,2700,216.2
U01,2025-02-17 10:24:00,2025-02-17,48,10,145,26.1,0.18,1010,22.86,moderate,2850,202.0
U01,2025-02-17 12:37:00,2025-02-17,48,12,180,24.6,2.22,1190,22.86,moderate,2700,198.3
U01,2025-02-17 13:24:00,2025-02-17,48,13,232,24.2,0.78,1422,22.86,moderate,2700,203.1
U01,2025-02-17 15:19:00,2025-02-17,48,15,125,23.5,1.92,1547,22.86,moderate,2700,193.4
U01,2025-02-17 15:54:00,2025-02-17,48,15,181,23.7,0.58,1728,22.86,moderate,2700,192.0
U01,2025-02-17 18:15:00,2025-02-17,48,18,140,19.0,2.35,1868,22.86,moderate,2700,186.8
U01,2025-02-17 18:39:00,2025-02-17,48,18,138,23.1,0.4,2006,22.86,moderate,2700,182.4
U01,2025-02-17 19:08:00,2025-02-17,48,19,186,18.0,0.48,2192,22.86,moderate,2700,182.7
U01,2025-02-17 21:00:00,2025-02-17,48,21,147,18.0,1.87,2339,22.86,moderate,2700,179.9
U01,2025-02-18 06:36:00,2025-02-18,49,6,212,20.0,0.0,212,22.86,moderate,2700,212.0
U01,2025-02-18 09:50:00,2025-02-18,49,9,156,20.8,3.23,368,22.86,moderate,2700,184.0
U01,2025-02-18 11:40:00,2025-02-18,49,11,186,23.5,1.83,554,22.86,moderate,2700,184.7
U01,2025-02-18 11:50:00,2025-02-18,49,11,198,23.1,0.17,752,22.86,moderate,2700,188.0
U01,2025-02-18 12:04:00,2025-02-18,49,12,282,24.3,0.23,1034,22.86,moderate,2700,206.8
U01,2025-02-18 13:01:00,2025-02-18,49,13,131,24.0,0.95,1165,22.86,moderate,2700,194.2
U01,2025-02-18 14:57:00,2025-02-18,49,14,199,24.4,1.93,1364,22.86,moderate,2700,194.9
U01,2025-02-18 15:38:00,2025-02-18,49,15,152,22.2,0.68,1516,22.86,moderate,2700,189.5
U01,2025-02-18 17:39:00,2025-02-18,49,17,189,19.6,2.02,1705,22.86,moderate,2700,189.4
U01,2025-02-18 18:15:00,2025-02-18,49,18,125,23.9,0.6,1830,22.86,moderate,2700,183.0
U01,2025-02-18 21:08:00,2025-02-18,49,21,129,18.0,2.88,1959,22.86,moderate,2700,178.1
U01,2025-02-19 07:04:00,2025-02-19,50,7,246,23.8,0.0,246,22.86,moderate,2700,246.0
U01,2025-02-19 07:12:00,2025-02-19,50,7,137,20.5,0.13,383,22.86,moderate,2700,191.5
U01,2025-02-19 07:59:00,2025-02-19,50,7,202,20.3,0.78,585,22.86,moderate,2700,195.0
U01,2025-02-19 09:40:00,2025-02-19,50,9,259,23.0,1.68,844,22.86,moderate,2700,211.0
U01,2025-02-19 10:16:00,2025-02-19,50,10,169,24.4,0.6,1013,22.86,moderate,2700,202.6
U01,2025-02-19 10:22:00,2025-02-19,50,10,139,24.7,0.1,1152,22.86,moderate,2700,192.0
U01,2025-02-19 12:50:00,2025-02-19,50,12,197,22.2,2.47,1349,22.86,moderate,2700,192.7
U01,2025-02-19 13:13:00,2025-02-19,50,13,162,29.8,0.38,1511,22.86,moderate,2850,188.9
U01,2025-02-19 13:27:00,2025-02-19,50,13,258,22.2,0.23,1769,22.86,moderate,2700,196.6
U01,2025-02-19 16:02:00,2025-02-19,50,16,155,23.7,2.58,1924,22.86,moderate,2700,192.4
U01,2025-02-19 17:32:00,2025-02-19,50,17,155,23.4,1.5,2079,22.86,moderate,2700,189.0
U01,2025-02-19 17:49:00,2025-02-19,50,17,208,21.2,0.28,2287,22.86,moderate,2700,190.6
U01,2025-02-19 18:07:00,2025-02-19,50,18,144,23.2,0.3,2431,22.86,moderate,2700,187.0
U01,2025-02-19 18:29:00,2025-02-19,50,18,191,22.0,0.37,2622,22.86,moderate,2700,187.3
U01,2025-02-20 07:08:00,2025-02-20,51,7,212,20.5,0.0,212,22.86,moderate,2700,212.0
U01,2025-02-20 07:23:00,2025-02-20,51,7,222,22.7,0.25,434,22.86,moderate,2700,217.0
U01,2025-02-20 07:50:00,2025-02-20,51,7,221,23.2,0.45,655,22.86,moderate,2700,218.3
U01,2025-02-20 09:42:00,2025-02-20,51,9,232,24.2,1.87,887,22.86,moderate,2700,221.8
U01,2025-02-20 09:48:00,2025-02-20,51,9,123,23.7,0.1,1010,22.86,moderate,2700,202.0
U01,2025-02-20 09:56:00,2025-02-20,51,9,127,23.5,0.13,1137,22.86,moderate,2700,189.5
U01,2025-02-20 10:11:00,2025-02-20,51,10,145,23.5,0.25,1282,22.86,moderate,2700,183.1
U01,2025-02-20 10:29:00,2025-02-20,51,10,140,23.3,0.3,1422,22.86,moderate,2700,177.8
U01,2025-02-20 12:20:00,2025-02-20,51,12,206,22.3,1.85,1628,22.86,moderate,2700,180.9
U01,2025-02-20 12:51:00,2025-02-20,51,12,175,25.2,0.52,1803,22.86,moderate,2850,180.3
U01,2025-02-20 15:11:00,2025-02-20,51,15,178,24.7,2.33,1981,22.86,moderate,2700,180.1
U01,2025-02-20 15:31:00,2025-02-20,51,15,127,21.3,0.33,2108,22.86,moderate,2700,175.7
U01,2025-02-20 15:32:00,2025-02-20,51,15,121,22.6,0.02,2229,22.86,moderate,2700,171.5
U01,2025-02-20 17:47:00,2025-02-20,51,17,174,22.7,2.25,2403,22.86,moderate,2700,171.6
U01,2025-02-20 18:29:00,2025-02-20,51,18,119,19.8,0.7,2522,22.86,moderate,2700,168.1
U01,2025-02-20 19:17:00,2025-02-20,51,19,142,19.8,0.8,2664,22.86,moderate,2700,166.5
U01,2025-02-20 21:07:00,2025-02-20,51,21,158,18.0,1.83,2822,22.86,moderate,2700,166.0
U01,2025-02-21 07:13:00,2025-02-21,52,7,153,20.6,0.0,153,22.86,moderate,2700,153.0
U01,2025-02-21 07:38:00,2025-02-21,52,7,227,22.6,0.42,380,22.86,moderate,2700,190.0
U01,2025-02-21 08:12:00,2025-02-21,52,8,206,24.1,0.57,586,22.86,moderate,2700,195.3
U01,2025-02-21 08:13:00,2025-02-21,52,8,273,21.3,0.02,859,22.86,moderate,2700,214.8
U01,2025-02-21 11:38:00,2025-02-21,52,11,144,25.8,3.42,1003,22.86,moderate,2850,200.6
U01,2025-02-21 11:48:00,2025-02-21,52,11,154,24.9,0.17,1157,22.86,moderate,2700,192.8
U01,2025-02-21 12:10:00,2025-02-21,52,12,205,26.9,0.37,1362,22.86,moderate,2850,194.6
U01,2025-02-21 15:03:00,2025-02-21,52,15,154,25.1,2.88,1516,22.86,moderate,2850,189.5
U01,2025-02-21 15:39:00,2025-02-21,52,15,169,23.7,0.6,1685,22.86,moderate,2700,187.2
U01,2025-02-21 16:13:00,2025-02-21,52,16,144,23.7,0.57,1829,22.86,moderate,2700,182.9
U01,2025-02-21 18:03:00,2025-02-21,52,18,190,19.2,1.83,2019,22.86,moderate,2700,183.5
U01,2025-02-21 21:05:00,2025-02-21,52,21,133,18.0,3.03,2152,22.86,moderate,2700,179.3
U01,2025-02-22 07:10:00,2025-02-22,53,7,209,21.3,0.0,209,22.86,moderate,2700,209.0
U01,2025-02-22 08:08:00,2025-02-22,53,8,240,19.7,0.97,449,22.86,moderate,2700,224.5
U01,2025-02-22 10:08:00,2025-02-22,53,10,242,23.5,2.0,691,22.86,moderate,2700,230.3
U01,2025-02-22 12:58:00,2025-02-22,53,12,268,26.0,2.83,959,22.86,moderate,2850,239.8
U01,2025-02-22 13:12:00,2025-02-22,53,13,217,27.0,0.23,1176,22.86,moderate,2850,235.2
U01,2025-02-22 13:27:00,2025-02-22,53,13,195,26.3,0.25,1371,22.86,moderate,2850,228.5
U01,2025-02-22 15:27:00,2025-02-22,53,15,132,24.5,2.0,1503,22.86,moderate,2700,214.7
U01,2025-02-22 18:47:00,2025-02-22,53,18,238,19.9,3.33,1741,22.86,moderate,2700,217.6
U01,2025-02-22 18:58:00,2025-02-22,53,18,184,19.2,0.18,1925,22.86,moderate,2700,213.9
U01,2025-02-22 20:36:00,2025-02-22,53,20,140,18.1,1.63,2065,22.86,moderate,2700,206.5
U01,2025-02-22 20:38:00,2025-02-22,53,20,167,18.7,0.03,2232,22.86,moderate,2700,202.9
U01,2025-02-23 07:01:00,2025-02-23,54,7,217,22.8,0.0,217,22.86,moderate,2700,217.0
U01,2025-02-23 07:31:00,2025-02-23,54,7,182,21.3,0.5,399,22.86,moderate,2700,199.5
U01,2025-02-23 09:59:00,2025-02-23,54,9,246,24.2,2.47,645,22.86,moderate,2700,215.0
U01,2025-02-23 11:57:00,2025-02-23,54,11,155,23.5,1.97,800,22.86,moderate,2700,200.0
U01,2025-02-23 12:26:00,2025-02-23,54,12,251,25.8,0.48,1051,22.86,moderate,2850,210.2
U01,2025-02-23 13:24:00,2025-02-23,54,13,207,25.6,0.97,1258,22.86,moderate,2850,209.7
U01,2025-02-23 14:31:00,2025-02-23,54,14,244,24.5,1.12,1502,22.86,moderate,2700,214.6
U01,2025-02-23 14:46:00,2025-02-23,54,14,175,22.5,0.25,1677,22.86,moderate,2700,209.6
U01,2025-02-23 15:01:00,2025-02-23,54,15,100,23.9,0.25,1777,22.86,moderate,2700,197.4
U01,2025-02-23 19:27:00,2025-02-23,54,19,229,19.0,4.43,2006,22.86,moderate,2700,200.6
U01,2025-02-23 21:10:00,2025-02-23,54,21,156,18.0,1.72,2162,22.86,moderate,2700,196.5
U01,2025-02-23 21:21:00,2025-02-23,54,21,131,18.0,0.18,2293,22.86,moderate,2700,191.1
U01,2025-02-24 06:50:00,2025-02-24,55,6,205,18.3,0.0,205,22.86,moderate,2700,205.0
U01,2025-02-24 09:38:00,2025-02-24,55,9,200,27.2,2.8,405,22.86,moderate,2850,202.5
U01,2025-02-24 11:50:00,2025-02-24,55,11,189,25.2,2.2,594,22.86,moderate,2850,198.0
U01,2025-02-24 11:53:00,2025-02-24,55,11,241,25.2,0.05,835,22.86,moderate,2850,208.8
U01,2025-02-24 12:59:00,2025-02-24,55,12,246,22.3,1.1,1081,22.86,moderate,2700,216.2
U01,2025-02-24 13:01:00,2025-02-24,55,13,192,23.4,0.03,1273,22.86,moderate,2700,212.2
U01,2025-02-24 14:58:00,2025-02-24,55,14,217,24.3,1.95,1490,22.86,moderate,2700,212.9
U01,2025-02-24 18:56:00,2025-02-24,55,18,193,18.3,3.97,1683,22.86,moderate,2700,210.4
U01,2025-02-24 19:11:00,2025-02-24,55,19,139,22.4,0.25,1822,22.86,moderate,2700,202.4
U01,2025-02-24 19:16:00,2025-02-24,55,19,160,19.7,0.08,1982,22.86,moderate,2700,198.2
U01,2025-02-24 20:38:00,2025-02-24,55,20,150,18.8,1.37,2132,22.86,moderate,2700,193.8
U01,2025-02-25 06:39:00,2025-02-25,56,6,218,20.8,0.0,218,22.86,moderate,2700,218.0
U01,2025-02-25 06:57:00,2025-02-25,56,6,260,18.0,0.3,478,22.86,moderate,2700,239.0
U01,2025-02-25 11:44:00,2025-02-25,56,11,207,24.5,4.78,685,22.86,moderate,2700,228.3
U01,2025-02-25 12:30:00,2025-02-25,56,12,237,23.2,0.77,922,22.86,moderate,2700,230.5
U01,2025-02-25 12:43:00,2025-02-25,56,12,142,27.7,0.22,1064,22.86,moderate,2850,212.8
U01,2025-02-25 12:52:00,2025-02-25,56,12,191,27.5,0.15,1255,22.86,moderate,2850,209.2
U01,2025-02-25 14:55:00,2025-02-25,56,14,219,25.8,2.05,1474,22.86,moderate,2850,210.6
U01,2025-02-25 15:06:00,2025-02-25,56,15,124,25.0,0.18,1598,22.86,moderate,2700,199.8
U01,2025-02-25 18:15:00,2025-02-25,56,18,136,20.2,3.15,1734,22.86,moderate,2700,192.7
U01,2025-02-25 18:18:00,2025-02-25,56,18,231,21.5,0.05,1965,22.86,moderate,2700,196.5
U01,2025-02-25 18:20:00,2025-02-25,56,18,157,18.1,0.03,2122,22.86,moderate,2700,192.9
U01,2025-02-25 18:54:00,2025-02-25,56,18,185,20.5,0.57,2307,22.86,moderate,2700,192.2
U01,2025-02-25 21:18:00,2025-02-25,56,21,145,18.6,2.4,2452,22.86,moderate,2700,188.6
U01,2025-02-25 21:24:00,2025-02-25,56,21,183,18.0,0.1,2635,22.86,moderate,2700,188.2
U01,2025-02-26 07:42:00,2025-02-26,57,7,133,23.6,0.0,133,22.86,moderate,2700,133.0
U01,2025-02-26 10:05:00,2025-02-26,57,10,225,28.9,2.38,358,22.86,moderate,2850,179.0
U01,2025-02-26 11:39:00,2025-02-26,57,11,183,25.5,1.57,541,22.86,moderate,2850,180.3
U01,2025-02-26 12:11:00,2025-02-26,57,12,269,24.6,0.53,810,22.86,moderate,2700,202.5
U01,2025-02-26 12:46:00,2025-02-26,57,12,245,27.4,0.58,1055,22.86,moderate,2850,211.0
U01,2025-02-26 12:57:00,2025-02-26,57,12,172,27.6,0.18,1227,22.86,moderate,2850,204.5
U01,2025-02-26 16:25:00,2025-02-26,57,16,204,21.8,3.47,1431,22.86,moderate,2700,204.4
U01,2025-02-26 17:41:00,2025-02-26,57,17,221,23.1,1.27,1652,22.86,moderate,2700,206.5
U01,2025-02-26 17:51:00,2025-02-26,57,17,152,20.9,0.17,1804,22.86,moderate,2700,200.4
U01,2025-02-26 18:19:00,2025-02-26,57,18,155,20.4,0.47,1959,22.86,moderate,2700,195.9
U01,2025-02-26 18:51:00,2025-02-26,57,18,157,22.0,0.53,2116,22.86,moderate,2700,192.4
U01,2025-02-26 18:57:00,2025-02-26,57,18,184,19.2,0.1,2300,22.86,moderate,2700,191.7
U01,2025-02-26 21:26:00,2025-02-26,57,21,96,18.0,2.48,2396,22.86,moderate,2700,184.3
U01,2025-02-27 07:00:00,2025-02-27,58,7,206,21.9,0.0,206,22.86,moderate,2700,206.0
U01,2025-02-27 07:06:00,2025-02-27,58,7,197,22.0,0.1,403,22.86,moderate,2700,201.5
U01,2025-02-27 07:25:00,2025-02-27,58,7,166,23.3,0.32,569,22.86,moderate,2700,189.7
U01,2025-02-27 12:07:00,2025-02-27,58,12,284,27.1,4.7,853,22.86,moderate,2850,213.2
U01,2025-02-27 13:03:00,2025-02-27,58,13,185,28.3,0.93,1038,22.86,moderate,2850,207.6
U01,2025-02-27 17:39:00,2025-02-27,58,17,121,22.1,4.6,1159,22.86,moderate,2700,193.2
U01,2025-02-27 18:40:00,2025-02-27,58,18,184,18.0,1.02,1343,22.86,moderate,2700,191.9
U01,2025-02-27 18:46:00,2025-02-27,58,18,188,20.4,0.1,1531,22.86,moderate,2700,191.4
U01,2025-02-27 20:58:00,2025-02-27,58,20,187,19.3,2.2,1718,22.86,moderate,2700,190.9
U01,2025-02-28 07:28:00,2025-02-28,59,7,218,24.1,0.0,218,22.86,moderate,2700,218.0
U01,2025-02-28 08:22:00,2025-02-28,59,8,159,24.7,0.9,377,22.86,moderate,2700,188.5
U01,2025-02-28 09:55:00,2025-02-28,59,9,207,26.5,1.55,584,22.86,moderate,2850,194.7
U01,2025-02-28 10:12:00,2025-02-28,59,10,204,24.9,0.28,788,22.86,moderate,2700,197.0
U01,2025-02-28 10:27:00,2025-02-28,59,10,212,22.8,0.25,1000,22.86,moderate,2700,200.0
U01,2025-02-28 12:07:00,2025-02-28,59,12,159,24.6,1.67,1159,22.86,moderate,2700,193.2
U01,2025-02-28 13:13:00,2025-02-28,59,13,233,23.7,1.1,1392,22.86,moderate,2700,198.9
U01,2025-02-28 14:37:00,2025-02-28,59,14,246,24.6,1.4,1638,22.86,moderate,2700,204.8
U01,2025-02-28 21:18:00,2025-02-28,59,21,98,18.0,6.68,1736,22.86,moderate,2700,192.9
U01,2025-03-01 06:50:00,2025-03-01,60,6,240,22.4,0.0,240,22.86,moderate,2700,240.0
U01,2025-03-01 10:17:00,2025-03-01,60,10,214,28.4,3.45,454,22.86,moderate,2850,227.0
U01,2025-03-01 12:10:00,2025-03-01,60,12,217,26.7,1.88,671,22.86,moderate,2850,223.7
U01,2025-03-01 15:02:00,2025-03-01,60,15,178,24.7,2.87,849,22.86,moderate,2700,212.2
U01,2025-03-01 15:41:00,2025-03-01,60,15,206,24.2,0.65,1055,22.86,moderate,2700,211.0
U01,2025-03-01 15:45:00,2025-03-01,60,15,123,25.0,0.07,1178,22.86,moderate,2700,196.3
U01,2025-03-01 16:26:00,2025-03-01,60,16,178,25.9,0.68,1356,22.86,moderate,2850,193.7
U01,2025-03-01 17:34:00,2025-03-01,60,17,119,24.1,1.13,1475,22.86,moderate,2700,184.4
U01,2025-03-01 17:46:00,2025-03-01,60,17,163,25.5,0.2,1638,22.86,moderate,2850,182.0
U01,2025-03-01 18:29:00,2025-03-01,60,18,255,22.5,0.72,1893,22.86,moderate,2700,189.3
U01,2025-03-01 19:14:00,2025-03-01,60,19,150,23.2,0.75,2043,22.86,moderate,2700,185.7
U01,2025-03-01 20:40:00,2025-03-01,60,20,192,18.0,1.43,2235,22.86,moderate,2700,186.2
U01,2025-03-01 21:01:00,2025-03-01,60,21,134,18.0,0.35,2369,22.86,moderate,2700,182.2
U01,2025-03-01 21:04:00,2025-03-01,60,21,145,18.7,0.05,2514,22.86,moderate,2700,179.6
U01,2025-03-01 21:24:00,2025-03-01,60,21,152,18.8,0.33,2666,22.86,moderate,2700,177.7
