user_id,timestamp,hour,water_ml,temperature,day,daily_total,day_of_week,is_weekend,past_hour_intake,avg_intake_so_far,time_diff,anomaly,anomaly_score
user1,2025-11-08 06:32:52.121669,6,120,22.94,0,120,5,1,185.45870206489676,120.0,0.0,1,-0.5200767238148851
user1,2025-11-08 07:32:18.121669,7,137,23.99,0,257,5,1,120.0,128.5,59.43333333333333,1,-0.4593036286826443
user1,2025-11-08 08:33:40.121669,8,176,21.02,0,433,5,1,137.0,144.33333333333334,61.36666666666667,1,-0.49266056926234264
user1,2025-11-08 09:16:12.121669,9,146,25.48,0,579,5,1,176.0,144.75,42.53333333333333,1,-0.4359713846859542
user1,2025-11-08 10:17:01.121669,10,232,24.88,0,811,5,1,146.0,162.2,60.81666666666667,1,-0.4326016135204906
user1,2025-11-08 11:23:31.121669,11,272,25.63,0,1083,5,1,232.0,180.5,66.5,1,-0.45227356089746157
user1,2025-11-08 12:17:52.121669,12,183,26.14,0,1266,5,1,272.0,180.85714285714286,54.35,1,-0.42702066253629634
user1,2025-11-08 13:44:01.121669,13,226,25.68,0,1492,5,1,183.0,186.5,86.15,1,-0.42962091196445673
user1,2025-11-08 19:01:23.121669,19,224,24.21,0,1716,5,1,226.0,190.66666666666666,317.3666666666667,-1,-0.584578616290899
user1,2025-11-08 20:50:48.121669,20,92,23.69,0,1808,5,1,224.0,180.8,109.41666666666667,1,-0.49364047738959455
user1,2025-11-09 06:33:58.121669,6,151,26.62,1,151,6,1,185.45870206489676,151.0,0.0,1,-0.46217864208712334
user1,2025-11-09 09:50:44.121669,9,218,30.69,1,369,6,1,151.0,184.5,196.76666666666668,1,-0.5314613683064808
user1,2025-11-09 13:55:01.121669,13,251,31.5,1,620,6,1,218.0,206.66666666666666,244.28333333333333,-1,-0.5700643307685802
user1,2025-11-09 14:35:32.121669,14,279,27.73,1,899,6,1,251.0,224.75,40.516666666666666,1,-0.460621595622861
user1,2025-11-09 17:31:33.121669,17,241,30.33,1,1140,6,1,279.0,228.0,176.01666666666668,1,-0.5059546582522678
user1,2025-11-09 18:23:48.121669,18,213,27.43,1,1353,6,1,241.0,225.5,52.25,1,-0.4316364894153677
user1,2025-11-09 20:43:16.121669,20,116,27.69,1,1469,6,1,213.0,209.85714285714286,139.46666666666667,1,-0.4869680930423107
user1,2025-11-09 21:18:18.121669,21,144,27.83,1,1613,6,1,116.0,201.625,35.03333333333333,1,-0.4614516058734215
user1,2025-11-10 06:26:51.121669,6,143,24.94,2,143,0,0,185.45870206489676,143.0,0.0,1,-0.47402804548109817
user1,2025-11-10 07:42:44.121669,7,173,27.03,2,316,0,0,143.0,158.0,75.88333333333334,1,-0.44191859606979256
user1,2025-11-10 08:00:23.121669,8,136,26.11,2,452,0,0,173.0,150.66666666666666,17.65,1,-0.46053830750231933
user1,2025-11-10 09:15:13.121669,9,172,26.03,2,624,0,0,136.0,156.0,74.83333333333333,1,-0.42238676412965026
user1,2025-11-10 10:20:09.121669,10,274,23.24,2,898,0,0,172.0,179.6,64.93333333333334,1,-0.47512442666009463
user1,2025-11-10 11:26:42.121669,11,207,24.5,2,1105,0,0,274.0,184.16666666666666,66.55,1,-0.4362902471499735
user1,2025-11-10 12:29:22.121669,12,157,25.64,2,1262,0,0,207.0,180.28571428571428,62.666666666666664,1,-0.42806835590849796
user1,2025-11-10 13:44:01.121669,13,246,26.94,2,1508,0,0,157.0,188.5,74.65,1,-0.42802070738608644
user1,2025-11-10 14:46:04.121669,14,185,21.99,2,1693,0,0,246.0,188.11111111111111,62.05,1,-0.47151737902480734
user1,2025-11-10 15:06:11.121669,15,298,26.82,2,1991,0,0,185.0,199.1,20.116666666666667,1,-0.5103501270728763
user1,2025-11-10 16:51:33.121669,16,258,24.61,2,2249,0,0,298.0,204.45454545454547,105.36666666666666,1,-0.4979283064984796
user1,2025-11-10 20:56:18.121669,20,145,24.91,2,2394,0,0,258.0,199.5,244.75,-1,-0.5524322432807623
user1,2025-11-10 21:20:21.121669,21,92,26.09,2,2486,0,0,145.0,191.23076923076923,24.05,1,-0.5212033934645575
user1,2025-11-10 22:37:41.121669,22,77,27.43,2,2563,0,0,92.0,183.07142857142858,77.33333333333333,-1,-0.5527097210869572
user1,2025-11-11 07:43:24.121669,7,98,26.68,3,98,1,0,185.45870206489676,98.0,0.0,1,-0.5146140496794402
user1,2025-11-11 10:31:06.121669,10,153,24.7,3,251,1,0,98.0,125.5,167.7,1,-0.49825671180304204
user1,2025-11-11 11:42:33.121669,11,203,26.39,3,454,1,0,153.0,151.33333333333334,71.45,1,-0.43188838124165857
user1,2025-11-11 12:19:10.121669,12,177,23.62,3,631,1,0,203.0,157.75,36.61666666666667,1,-0.44599440160608095
user1,2025-11-11 13:29:46.121669,13,246,24.92,3,877,1,0,177.0,175.4,70.6,1,-0.429649638069275
user1,2025-11-11 16:36:08.121669,16,217,26.24,3,1094,1,0,246.0,182.33333333333334,186.36666666666667,1,-0.48415008119665975
user1,2025-11-11 17:26:11.121669,17,238,22.85,3,1332,1,0,217.0,190.28571428571428,50.05,1,-0.45017772377206783
user1,2025-11-11 18:38:11.121669,18,217,24.35,3,1549,1,0,238.0,193.625,72.0,1,-0.42900577214590574
user1,2025-11-11 19:04:45.121669,19,197,27.89,3,1746,1,0,217.0,194.0,26.566666666666666,1,-0.45507912006956674
user1,2025-11-11 20:51:35.121669,20,130,26.96,3,1876,1,0,197.0,187.6,106.83333333333333,1,-0.4403315673905134
user1,2025-11-11 21:10:21.121669,21,118,24.22,3,1994,1,0,130.0,181.27272727272728,18.766666666666666,1,-0.49151211912826337
user1,2025-11-11 22:41:19.121669,22,94,22.49,3,2088,1,0,118.0,174.0,90.96666666666667,1,-0.5171184348467274
user1,2025-11-12 06:48:27.121669,6,166,22.23,4,166,2,0,185.45870206489676,166.0,0.0,1,-0.5105045058173199
user1,2025-11-12 07:05:28.121669,7,116,24.23,4,282,2,0,166.0,141.0,17.016666666666666,1,-0.4869551224697589
user1,2025-11-12 08:45:21.121669,8,108,22.35,4,390,2,0,116.0,130.0,99.88333333333334,1,-0.5233493315703883
user1,2025-11-12 09:19:31.121669,9,99,23.69,4,489,2,0,108.0,122.25,34.166666666666664,1,-0.5076223304700015
user1,2025-11-12 10:02:52.121669,10,215,25.28,4,704,2,0,99.0,140.8,43.35,1,-0.43505343459028833
user1,2025-11-12 11:59:31.121669,11,243,21.81,4,947,2,0,215.0,157.83333333333334,116.65,1,-0.48336222434026893
user1,2025-11-12 12:22:22.121669,12,179,26.39,4,1126,2,0,243.0,160.85714285714286,22.85,1,-0.448144878877129
user1,2025-11-12 13:17:22.121669,13,265,22.98,4,1391,2,0,179.0,173.875,55.0,1,-0.4609927442666755
user1,2025-11-12 14:42:30.121669,14,187,20.76,4,1578,2,0,265.0,175.33333333333334,85.13333333333334,1,-0.48377645758009374
user1,2025-11-12 15:07:05.121669,15,237,25.37,4,1815,2,0,187.0,181.5,24.583333333333332,1,-0.46220173052084845
user1,2025-11-12 16:04:03.121669,16,137,22.95,4,1952,2,0,237.0,177.45454545454547,56.96666666666667,1,-0.4686198334334925
user1,2025-11-12 18:17:45.121669,18,141,26.09,4,2093,2,0,137.0,174.41666666666666,133.7,1,-0.4821783895266297
user1,2025-11-12 19:23:51.121669,19,127,21.47,4,2220,2,0,141.0,170.76923076923077,66.1,1,-0.48081983148022245
user1,2025-11-12 22:08:03.121669,22,92,21.72,4,2312,2,0,127.0,165.14285714285714,164.2,-1,-0.5778259451476336
user1,2025-11-13 10:06:29.121669,10,190,30.3,5,190,3,0,185.45870206489676,190.0,0.0,1,-0.4974033582366517
user1,2025-11-13 11:49:56.121669,11,237,26.84,5,427,3,0,190.0,213.5,103.45,1,-0.4586335057688405
user1,2025-11-13 12:49:33.121669,12,186,27.3,5,613,3,0,237.0,204.33333333333334,59.61666666666667,1,-0.4292034784830171
user1,2025-11-13 13:37:49.121669,13,282,30.83,5,895,3,0,186.0,223.75,48.266666666666666,1,-0.47289325773074686
user1,2025-11-13 15:48:47.121669,15,280,29.4,5,1175,3,0,282.0,235.0,130.96666666666667,1,-0.4871959669128398
user1,2025-11-13 17:01:22.121669,17,242,28.64,5,1417,3,0,280.0,236.16666666666666,72.58333333333333,1,-0.4344149682562876
user1,2025-11-13 18:01:40.121669,18,182,26.26,5,1599,3,0,242.0,228.42857142857142,60.3,1,-0.42274187190328255
user1,2025-11-13 19:28:00.121669,19,164,26.81,5,1763,3,0,182.0,220.375,86.33333333333333,1,-0.4301975986113846
user1,2025-11-14 07:10:16.121669,7,111,22.8,6,111,4,0,185.45870206489676,111.0,0.0,1,-0.5246838104533517
user1,2025-11-14 08:58:12.121669,8,111,26.04,6,222,4,0,111.0,111.0,107.93333333333334,1,-0.5044293370675371
user1,2025-11-14 10:25:50.121669,10,198,25.64,6,420,4,0,111.0,140.0,87.63333333333334,1,-0.4378183245375699
user1,2025-11-14 11:03:45.121669,11,264,23.74,6,684,4,0,198.0,171.0,37.916666666666664,1,-0.46931881097167627
user1,2025-11-14 12:44:14.121669,12,191,21.91,6,875,4,0,264.0,175.0,100.48333333333333,1,-0.4618601634767915
user1,2025-11-14 13:18:38.121669,13,274,25.33,6,1149,4,0,191.0,191.5,34.4,1,-0.45453530410783627
user1,2025-11-14 14:10:57.121669,14,280,25.94,6,1429,4,0,274.0,204.14285714285714,52.31666666666667,1,-0.44786892164570064
user1,2025-11-14 15:26:02.121669,15,226,26.54,6,1655,4,0,280.0,206.875,75.08333333333333,1,-0.42198324070058507
user1,2025-11-14 16:16:32.121669,16,179,22.57,6,1834,4,0,226.0,203.77777777777777,50.5,1,-0.457423835933066
user1,2025-11-14 18:07:42.121669,18,243,20.67,6,2077,4,0,179.0,207.7,111.16666666666667,-1,-0.5389347206805115
user1,2025-11-14 19:50:49.121669,19,161,24.42,6,2238,4,0,243.0,203.45454545454547,103.11666666666666,1,-0.4646314143702037
user1,2025-11-14 20:52:23.121669,20,109,22.72,6,2347,4,0,161.0,195.58333333333334,61.56666666666667,1,-0.4951109897314246
user1,2025-11-14 21:23:37.121669,21,131,24.29,6,2478,4,0,109.0,190.6153846153846,31.233333333333334,1,-0.4914737290223137
user1,2025-11-14 22:45:52.121669,22,104,21.55,6,2582,4,0,131.0,184.42857142857142,82.25,-1,-0.5443537939703718
user1,2025-11-15 07:25:21.121669,7,159,27.54,7,159,5,1,185.45870206489676,159.0,0.0,1,-0.44648533888875924
user1,2025-11-15 09:50:30.121669,9,205,28.33,7,364,5,1,159.0,182.0,145.15,1,-0.47438844216628123
user1,2025-11-15 10:58:30.121669,10,245,29.17,7,609,5,1,205.0,203.0,68.0,1,-0.4356246211260215
user1,2025-11-15 13:22:46.121669,13,246,28.32,7,855,5,1,245.0,213.75,144.26666666666668,1,-0.47271515579019496
user1,2025-11-15 14:35:54.121669,14,165,28.05,7,1020,5,1,246.0,204.0,73.13333333333334,1,-0.42072928762711187
user1,2025-11-15 16:08:46.121669,16,229,26.78,7,1249,5,1,165.0,208.16666666666666,92.86666666666666,1,-0.4268995786889254
user1,2025-11-15 18:16:41.121669,18,213,28.84,7,1462,5,1,229.0,208.85714285714286,127.91666666666667,1,-0.45922434557586983
user1,2025-11-15 20:02:58.121669,20,145,30.14,7,1607,5,1,213.0,200.875,106.28333333333333,1,-0.46184531633134523
user1,2025-11-16 06:49:13.121669,6,111,22.41,8,111,6,1,185.45870206489676,111.0,0.0,-1,-0.5440611146841089
user1,2025-11-16 07:59:45.121669,7,215,20.42,8,326,6,1,111.0,163.0,70.53333333333333,-1,-0.5406024588302113
user1,2025-11-16 08:27:30.121669,8,97,21.26,8,423,6,1,215.0,141.0,27.75,-1,-0.5513115460349504
user1,2025-11-16 12:38:48.121669,12,228,25.32,8,651,6,1,97.0,162.75,251.3,-1,-0.5518252576877009
user1,2025-11-16 17:20:14.121669,17,173,21.81,8,824,6,1,228.0,164.8,281.43333333333334,-1,-0.5884643117037828
user1,2025-11-16 18:32:26.121669,18,191,24.57,8,1015,6,1,173.0,169.16666666666666,72.2,1,-0.4549951582343858
user1,2025-11-16 19:15:40.121669,19,157,21.72,8,1172,6,1,191.0,167.42857142857142,43.233333333333334,1,-0.5003270819655331
user1,2025-11-16 20:19:32.121669,20,122,20.45,8,1294,6,1,157.0,161.75,63.86666666666667,1,-0.5225105551845445
user1,2025-11-16 22:59:33.121669,22,123,21.73,8,1417,6,1,122.0,157.44444444444446,160.01666666666668,-1,-0.5586314243498651
user1,2025-11-17 09:38:32.121669,9,143,30.24,9,143,0,0,185.45870206489676,143.0,0.0,1,-0.4896688704173737
user1,2025-11-17 10:12:38.121669,10,226,29.46,9,369,0,0,143.0,184.5,34.1,1,-0.4590021970535446
user1,2025-11-17 12:21:46.121669,12,255,32.38,9,624,0,0,226.0,208.0,129.13333333333333,1,-0.517027711503326
user1,2025-11-17 14:25:44.121669,14,203,32.68,9,827,0,0,255.0,206.75,123.96666666666667,1,-0.5186031221554809
user1,2025-11-17 16:29:53.121669,16,143,29.15,9,970,0,0,203.0,194.0,124.15,1,-0.4727635859096179
user1,2025-11-17 17:27:16.121669,17,180,32.91,9,1150,0,0,143.0,191.66666666666666,57.38333333333333,1,-0.5068419322151562
user1,2025-11-17 20:27:36.121669,20,126,29.88,9,1276,0,0,180.0,182.28571428571428,180.33333333333334,1,-0.5124114669409213
user1,2025-11-17 21:43:45.121669,21,150,33.19,9,1426,0,0,126.0,178.25,76.15,1,-0.5320088688631393
user1,2025-11-18 06:48:58.121669,6,162,29.41,10,162,1,0,185.45870206489676,162.0,0.0,1,-0.47858886141685414
user1,2025-11-18 08:06:14.121669,8,148,28.03,10,310,1,0,162.0,155.0,77.26666666666667,1,-0.4374021233760626
user1,2025-11-18 09:30:00.121669,9,209,30.12,10,519,1,0,148.0,173.0,83.76666666666667,1,-0.44726851622351554
user1,2025-11-18 10:57:30.121669,10,174,27.02,10,693,1,0,209.0,173.25,87.5,1,-0.4230864976158762
user1,2025-11-18 11:17:41.121669,11,296,29.3,10,989,1,0,174.0,197.8,20.183333333333334,1,-0.4942737630085047
user1,2025-11-18 12:11:07.121669,12,244,28.87,10,1233,1,0,296.0,205.5,53.43333333333333,1,-0.42536702816197736
user1,2025-11-18 13:28:33.121669,13,138,28.0,10,1371,1,0,244.0,195.85714285714286,77.43333333333334,1,-0.4580840669737811
user1,2025-11-18 14:20:08.121669,14,164,26.05,10,1535,1,0,138.0,191.875,51.583333333333336,1,-0.43928776415295756
user1,2025-11-18 15:38:40.121669,15,246,26.1,10,1781,1,0,164.0,197.88888888888889,78.53333333333333,1,-0.43918793157029506
user1,2025-11-18 17:20:36.121669,17,178,28.74,10,1959,1,0,246.0,195.9,101.93333333333334,1,-0.4389966601536893
user1,2025-11-18 18:11:21.121669,18,180,30.69,10,2139,1,0,178.0,194.45454545454547,50.75,1,-0.46640389982074376
user1,2025-11-18 19:20:47.121669,19,187,31.59,10,2326,1,0,180.0,193.83333333333334,69.43333333333334,1,-0.48516601596865483
user1,2025-11-18 20:35:37.121669,20,94,29.52,10,2420,1,0,187.0,186.15384615384616,74.83333333333333,1,-0.5041764260317286
user1,2025-11-18 21:03:12.121669,21,133,29.08,10,2553,1,0,94.0,182.35714285714286,27.583333333333332,1,-0.4893928399413183
user1,2025-11-18 22:44:11.121669,22,109,30.77,10,2662,1,0,133.0,177.46666666666667,100.98333333333333,-1,-0.551459974730903
user1,2025-11-19 07:18:28.121669,7,130,27.68,11,130,2,0,185.45870206489676,130.0,0.0,1,-0.46881595759144323
user1,2025-11-19 09:54:47.121669,9,162,26.18,11,292,2,0,130.0,146.0,156.31666666666666,1,-0.4753603698499655
user1,2025-11-19 11:19:53.121669,11,228,28.46,11,520,2,0,162.0,173.33333333333334,85.1,1,-0.4378779421823845
user1,2025-11-19 13:33:45.121669,13,153,27.11,11,673,2,0,228.0,168.25,133.86666666666667,1,-0.4692269705785982
user1,2025-11-19 14:19:08.121669,14,201,24.06,11,874,2,0,153.0,174.8,45.38333333333333,1,-0.4386849372340997
user1,2025-11-19 15:18:13.121669,15,169,27.88,11,1043,2,0,201.0,173.83333333333334,59.083333333333336,1,-0.4249601314055395
user1,2025-11-19 17:43:25.121669,17,179,26.48,11,1222,2,0,169.0,174.57142857142858,145.2,1,-0.46557801606216487
user1,2025-11-19 20:14:45.121669,20,89,25.98,11,1311,2,0,179.0,163.875,151.33333333333334,1,-0.5300873552901644
user1,2025-11-19 22:18:54.121669,22,130,25.31,11,1441,2,0,89.0,160.11111111111111,124.15,1,-0.48710722105922577
user1,2025-11-20 08:51:46.121669,8,105,29.69,12,105,3,0,185.45870206489676,105.0,0.0,1,-0.5331891122271754
user1,2025-11-20 10:51:41.121669,10,354,30.11,12,459,3,0,105.0,229.5,119.91666666666667,-1,-0.5632803388579065
user1,2025-11-20 12:11:13.121669,12,302,32.08,12,761,3,0,354.0,253.66666666666666,79.53333333333333,1,-0.507508781500624
user1,2025-11-20 13:14:08.121669,13,243,28.14,12,1004,3,0,302.0,251.0,62.916666666666664,1,-0.42125703981962664
user1,2025-11-20 14:28:48.121669,14,259,29.83,12,1263,3,0,243.0,252.6,74.66666666666667,1,-0.4409305964748496
user1,2025-11-20 16:24:28.121669,16,134,28.1,12,1397,3,0,259.0,232.83333333333334,115.66666666666667,1,-0.45724582649264267
user1,2025-11-20 17:33:29.121669,17,136,27.77,12,1533,3,0,134.0,219.0,69.01666666666667,1,-0.4349193504576227
user1,2025-11-20 18:42:13.121669,18,253,30.12,12,1786,3,0,136.0,223.25,68.73333333333333,1,-0.4622599242039605
user1,2025-11-20 19:41:04.121669,19,230,32.52,12,2016,3,0,253.0,224.0,58.85,1,-0.5077624543801594
user1,2025-11-21 07:34:46.121669,7,156,29.43,13,156,4,0,185.45870206489676,156.0,0.0,1,-0.46232165102318873
user1,2025-11-21 08:01:16.121669,8,161,27.54,13,317,4,0,156.0,158.5,26.5,1,-0.4421729721683747
user1,2025-11-21 10:50:37.121669,10,205,26.77,13,522,4,0,161.0,174.0,169.35,1,-0.4686529007261499
user1,2025-11-21 11:38:07.121669,11,233,30.25,13,755,4,0,205.0,188.75,47.5,1,-0.4544487716666684
user1,2025-11-21 12:48:40.121669,12,274,29.44,13,1029,4,0,233.0,205.8,70.55,1,-0.4421596521364523
user1,2025-11-21 16:11:53.121669,16,124,25.34,13,1153,4,0,274.0,192.16666666666666,203.21666666666667,1,-0.515321151487748
user1,2025-11-21 17:01:59.121669,17,226,30.08,13,1379,4,0,124.0,197.0,50.1,1,-0.4428499422864773
user1,2025-11-21 18:53:44.121669,18,231,28.86,13,1610,4,0,226.0,201.25,111.75,1,-0.4578147881915498
user1,2025-11-21 20:57:48.121669,20,80,24.81,13,1690,4,0,231.0,187.77777777777777,124.06666666666666,1,-0.5206573501505477
user1,2025-11-21 21:55:01.121669,21,131,29.01,13,1821,4,0,80.0,182.1,57.21666666666667,1,-0.4492382683383697
user1,2025-11-22 06:29:11.121669,6,178,27.84,14,178,5,1,185.45870206489676,178.0,0.0,1,-0.46679948297637874
user1,2025-11-22 07:25:58.121669,7,127,24.42,14,305,5,1,178.0,152.5,56.78333333333333,1,-0.4617944485496518
user1,2025-11-22 08:39:52.121669,8,106,26.04,14,411,5,1,127.0,137.0,73.9,1,-0.4763296887213626
user1,2025-11-22 10:41:10.121669,10,255,22.32,14,666,5,1,106.0,166.5,121.3,1,-0.499923976895724
user1,2025-11-22 11:57:32.121669,11,293,26.26,14,959,5,1,255.0,191.8,76.36666666666666,1,-0.46833556135506466
user1,2025-11-22 12:18:24.121669,12,241,26.15,14,1200,5,1,293.0,200.0,20.866666666666667,1,-0.44972387596456354
user1,2025-11-22 13:13:55.121669,13,229,22.56,14,1429,5,1,241.0,204.14285714285714,55.516666666666666,1,-0.4475997929107696
user1,2025-11-22 15:00:30.121669,15,293,24.23,14,1722,5,1,229.0,215.25,106.58333333333333,1,-0.4946412198026194
user1,2025-11-22 17:42:23.121669,17,146,24.17,14,1868,5,1,293.0,207.55555555555554,161.88333333333333,1,-0.48630292839320305
user1,2025-11-22 18:01:56.121669,18,229,23.25,14,2097,5,1,146.0,209.7,19.55,1,-0.4871604755441519
user1,2025-11-22 19:20:53.121669,19,188,22.6,14,2285,5,1,229.0,207.72727272727272,78.95,1,-0.47361886974436324
user1,2025-11-22 20:47:01.121669,20,144,23.06,14,2429,5,1,188.0,202.41666666666666,86.13333333333334,1,-0.4735821326024961
user1,2025-11-22 21:56:49.121669,21,105,27.48,14,2534,5,1,144.0,194.92307692307693,69.8,1,-0.48600818890206354
user1,2025-11-23 06:19:50.121669,6,219,31.64,15,219,6,1,185.45870206489676,219.0,0.0,-1,-0.5414324233835935
user1,2025-11-23 08:23:44.121669,8,108,29.4,15,327,6,1,219.0,163.5,123.9,1,-0.5259187491798462
user1,2025-11-23 10:12:35.121669,10,371,32.33,15,698,6,1,108.0,232.66666666666666,108.85,-1,-0.5857438614662384
user1,2025-11-23 11:47:39.121669,11,281,30.76,15,979,6,1,371.0,244.75,95.06666666666666,1,-0.4675945997342994
user1,2025-11-23 12:30:05.121669,12,185,29.5,15,1164,6,1,281.0,232.8,42.43333333333333,1,-0.44029316114798256
user1,2025-11-23 13:43:45.121669,13,321,33.55,15,1485,6,1,185.0,247.5,73.66666666666667,-1,-0.5414425450431046
user1,2025-11-23 14:08:36.121669,14,272,33.28,15,1757,6,1,321.0,251.0,24.85,-1,-0.5406555422953294
user1,2025-11-23 15:12:51.121669,15,174,29.07,15,1931,6,1,272.0,241.375,64.25,1,-0.45051563849836357
user1,2025-11-23 16:47:00.121669,16,206,32.51,15,2137,6,1,174.0,237.44444444444446,94.15,1,-0.5035895817482581
user1,2025-11-23 17:24:29.121669,17,194,27.88,15,2331,6,1,206.0,233.1,37.483333333333334,1,-0.46963798265216666
user1,2025-11-23 18:33:59.121669,18,175,30.37,15,2506,6,1,194.0,227.8181818181818,69.5,1,-0.48101962349840494
user1,2025-11-23 19:47:30.121669,19,159,32.53,15,2665,6,1,175.0,222.08333333333334,73.51666666666667,1,-0.5339638173460446
user1,2025-11-23 20:22:17.121669,20,146,32.87,15,2811,6,1,159.0,216.23076923076923,34.78333333333333,-1,-0.5769286074230848
user1,2025-11-23 21:32:13.121669,21,144,30.85,15,2955,6,1,146.0,211.07142857142858,69.93333333333334,1,-0.5355262648485967
user1,2025-11-23 22:58:36.121669,22,95,30.12,15,3050,6,1,144.0,203.33333333333334,86.38333333333334,-1,-0.5862540703462911
user1,2025-11-24 06:35:10.121669,6,167,23.2,16,167,0,0,185.45870206489676,167.0,0.0,1,-0.4920493594450519
user1,2025-11-24 07:55:01.121669,7,137,23.39,16,304,0,0,167.0,152.0,79.85,1,-0.46531156567106036
user1,2025-11-24 08:03:34.121669,8,108,24.63,16,412,0,0,137.0,137.33333333333334,8.55,1,-0.49006927645523474
user1,2025-11-24 10:20:59.121669,10,264,24.21,16,676,0,0,108.0,169.0,137.41666666666666,1,-0.5000702296678443
user1,2025-11-24 11:35:48.121669,11,200,23.03,16,876,0,0,264.0,175.2,74.81666666666666,1,-0.43763298882728113
user1,2025-11-24 12:40:49.121669,12,240,24.29,16,1116,0,0,200.0,186.0,65.01666666666667,1,-0.4287319734097779
user1,2025-11-24 18:20:27.121669,18,224,23.39,16,1340,0,0,240.0,191.42857142857142,339.6333333333333,-1,-0.5807602834644144
user1,2025-11-24 19:21:47.121669,19,250,27.83,16,1590,0,0,224.0,198.75,61.333333333333336,1,-0.45920448989744445
user1,2025-11-24 22:22:44.121669,22,131,25.76,16,1721,0,0,250.0,191.22222222222223,180.95,1,-0.502624983129399
user1,2025-11-25 06:16:44.121669,6,192,30.69,17,192,1,0,185.45870206489676,192.0,0.0,1,-0.5063346165292809
user1,2025-11-25 07:30:35.121669,7,154,30.77,17,346,1,0,192.0,173.0,73.85,1,-0.46751874350597694
user1,2025-11-25 08:37:00.121669,8,113,27.96,17,459,1,0,154.0,153.0,66.41666666666667,1,-0.4619938786120179
user1,2025-11-25 09:41:27.121669,9,178,30.15,17,637,1,0,113.0,159.25,64.45,1,-0.4348394979811249
user1,2025-11-25 10:52:03.121669,10,217,28.78,17,854,1,0,178.0,170.8,70.6,1,-0.4338268321137211
user1,2025-11-25 11:47:46.121669,11,201,32.33,17,1055,1,0,217.0,175.83333333333334,55.71666666666667,1,-0.4814300043369402
user1,2025-11-25 12:13:32.121669,12,256,32.11,17,1311,1,0,201.0,187.28571428571428,25.766666666666666,1,-0.5077935366719574
user1,2025-11-25 14:25:05.121669,14,218,29.84,17,1529,1,0,256.0,191.125,131.55,1,-0.4643954776850845
user1,2025-11-25 15:14:33.121669,15,165,29.3,17,1694,1,0,218.0,188.22222222222223,49.46666666666667,1,-0.43591899949580837
user1,2025-11-25 16:40:55.121669,16,251,30.59,17,1945,1,0,165.0,194.5,86.36666666666666,1,-0.4656821768799543
user1,2025-11-25 17:12:53.121669,17,209,27.08,17,2154,1,0,251.0,195.8181818181818,31.966666666666665,1,-0.4511587816489507
user1,2025-11-25 18:38:50.121669,18,127,27.02,17,2281,1,0,209.0,190.08333333333334,85.95,1,-0.45520373443578643
user1,2025-11-25 19:51:36.121669,19,232,27.66,17,2513,1,0,127.0,193.30769230769232,72.76666666666667,1,-0.4898996767990333
user1,2025-11-25 20:54:09.121669,20,127,30.64,17,2640,1,0,232.0,188.57142857142858,62.55,1,-0.5045965751185594
user1,2025-11-25 22:28:28.121669,22,156,31.0,17,2796,1,0,127.0,186.4,94.31666666666666,-1,-0.5477115797333394
user1,2025-11-26 06:09:07.121669,6,151,26.91,18,151,2,0,185.45870206489676,151.0,0.0,1,-0.4615358470892411
user1,2025-11-26 07:05:15.121669,7,186,29.8,18,337,2,0,151.0,168.5,56.13333333333333,1,-0.4568586332881931
user1,2025-11-26 10:35:15.121669,10,214,26.44,18,551,2,0,186.0,183.66666666666666,210.0,1,-0.5143543209628687
user1,2025-11-26 11:08:01.121669,11,218,28.4,18,769,2,0,214.0,192.25,32.766666666666666,1,-0.4396476686669756
user1,2025-11-26 12:06:42.121669,12,219,25.49,18,988,2,0,218.0,197.6,58.68333333333333,1,-0.4141239929915981
user1,2025-11-26 13:08:17.121669,13,228,27.67,18,1216,2,0,219.0,202.66666666666666,61.583333333333336,1,-0.4167648448410865
user1,2025-11-26 15:20:21.121669,15,150,29.86,18,1366,2,0,228.0,195.14285714285714,132.06666666666666,1,-0.47661701849820565
user1,2025-11-26 18:51:13.121669,18,244,27.09,18,1610,2,0,150.0,201.25,210.86666666666667,1,-0.5101380643051706
user1,2025-11-26 19:52:28.121669,19,116,28.06,18,1726,2,0,244.0,191.77777777777777,61.25,1,-0.4472742297274691
user1,2025-11-26 20:35:22.121669,20,120,28.47,18,1846,2,0,116.0,184.6,42.9,1,-0.4549634075794421
user1,2025-11-26 21:53:51.121669,21,140,30.03,18,1986,2,0,120.0,180.54545454545453,78.48333333333333,1,-0.4602118274590382
user1,2025-11-26 22:45:07.121669,22,143,27.59,18,2129,2,0,140.0,177.41666666666666,51.266666666666666,1,-0.47418394781265044
user1,2025-11-27 06:32:54.121669,6,193,27.5,19,193,3,0,185.45870206489676,193.0,0.0,1,-0.4802610409420803
user1,2025-11-27 07:23:22.121669,7,144,26.32,19,337,3,0,193.0,168.5,50.46666666666667,1,-0.44510855580343184
user1,2025-11-27 09:19:24.121669,9,162,28.34,19,499,3,0,144.0,166.33333333333334,116.03333333333333,1,-0.45145230522982954
user1,2025-11-27 10:34:18.121669,10,182,25.07,19,681,3,0,162.0,170.25,74.9,1,-0.42266102114433485
user1,2025-11-27 12:40:39.121669,12,295,25.47,19,976,3,0,182.0,195.2,126.35,1,-0.5033293100935385
user1,2025-11-27 13:46:52.121669,13,237,25.9,19,1213,3,0,295.0,202.16666666666666,66.21666666666667,1,-0.41483661736434285
user1,2025-11-27 14:09:59.121669,14,172,26.01,19,1385,3,0,237.0,197.85714285714286,23.116666666666667,1,-0.45829307928106616
user1,2025-11-27 15:29:41.121669,15,277,26.71,19,1662,3,0,172.0,207.75,79.7,1,-0.45040849446923437
user1,2025-11-27 16:40:16.121669,16,196,23.9,19,1858,3,0,277.0,206.44444444444446,70.58333333333333,1,-0.44161365086347415
user1,2025-11-27 17:34:00.121669,17,117,27.52,19,1975,3,0,196.0,197.5,53.733333333333334,1,-0.4614680526818536
user1,2025-11-27 20:21:43.121669,20,89,27.56,19,2064,3,0,117.0,187.63636363636363,167.71666666666667,1,-0.5171838158440928
user1,2025-11-27 21:10:13.121669,21,108,24.79,19,2172,3,0,89.0,181.0,48.5,1,-0.47497705672241997
user1,2025-11-27 22:47:25.121669,22,108,24.74,19,2280,3,0,108.0,175.3846153846154,97.2,1,-0.492132571484032
user1,2025-11-28 06:41:05.121669,6,174,26.61,20,174,4,0,185.45870206489676,174.0,0.0,1,-0.46886405110263285
user1,2025-11-28 08:30:35.121669,8,170,26.46,20,344,4,0,174.0,172.0,109.5,1,-0.4481097982750293
user1,2025-11-28 10:09:53.121669,10,202,27.5,20,546,4,0,170.0,182.0,99.3,1,-0.4338295731219367
user1,2025-11-28 12:18:43.121669,12,240,23.12,20,786,4,0,202.0,196.5,128.83333333333334,1,-0.469049590697045
user1,2025-11-28 14:21:14.121669,14,195,22.68,20,981,4,0,240.0,196.2,122.51666666666667,1,-0.462112140712572
user1,2025-11-28 15:30:08.121669,15,189,22.05,20,1170,4,0,195.0,195.0,68.9,1,-0.44923794052386107
user1,2025-11-28 17:24:38.121669,17,194,26.88,20,1364,4,0,189.0,194.85714285714286,114.5,1,-0.43738047540124525
user1,2025-11-28 18:59:27.121669,18,159,27.78,20,1523,4,0,194.0,190.375,94.81666666666666,1,-0.43531787997913074
user1,2025-11-28 19:37:03.121669,19,132,23.46,20,1655,4,0,159.0,183.88888888888889,37.6,1,-0.45855493953210436
user1,2025-11-28 20:29:40.121669,20,119,24.29,20,1774,4,0,132.0,177.4,52.61666666666667,1,-0.45075004092062626
user1,2025-11-28 22:41:43.121669,22,156,25.87,20,1930,4,0,119.0,175.45454545454547,132.05,1,-0.48840135310038296
user1,2025-11-29 09:52:49.121669,9,129,23.99,21,129,5,1,185.45870206489676,129.0,0.0,1,-0.48634471702246745
user1,2025-11-29 10:18:43.121669,10,251,22.66,21,380,5,1,129.0,190.0,25.9,1,-0.4967604358406679
user1,2025-11-29 13:19:13.121669,13,220,27.76,21,600,5,1,251.0,200.0,180.5,1,-0.4951488141518469
user1,2025-11-29 14:58:39.121669,14,320,23.11,21,920,5,1,220.0,230.0,99.43333333333334,1,-0.5282053365307401
user1,2025-11-29 15:55:15.121669,15,216,25.66,21,1136,5,1,320.0,227.2,56.6,1,-0.4190023336534371
user1,2025-11-29 16:14:11.121669,16,236,27.35,21,1372,5,1,216.0,228.66666666666666,18.933333333333334,1,-0.4516892788689192
user1,2025-11-29 17:16:13.121669,17,119,22.89,21,1491,5,1,236.0,213.0,62.03333333333333,1,-0.46819940348543143
user1,2025-11-29 20:02:21.121669,20,124,24.56,21,1615,5,1,119.0,201.875,166.13333333333333,1,-0.4845743386310194
user1,2025-11-29 21:35:48.121669,21,119,22.58,21,1734,5,1,124.0,192.66666666666666,93.45,1,-0.4720906323497259
user1,2025-11-29 22:52:01.121669,22,116,23.93,21,1850,5,1,119.0,185.0,76.21666666666667,1,-0.4828305245939824
user1,2025-11-30 07:04:35.121669,7,179,26.69,22,179,6,1,185.45870206489676,179.0,0.0,1,-0.4527264073698654
user1,2025-11-30 08:36:15.121669,8,210,28.68,22,389,6,1,179.0,194.5,91.66666666666667,1,-0.4546027911841223
user1,2025-11-30 09:56:14.121669,9,192,27.64,22,581,6,1,210.0,193.66666666666666,79.98333333333333,1,-0.4258749106423195
user1,2025-11-30 10:29:16.121669,10,273,24.21,22,854,6,1,192.0,213.5,33.03333333333333,1,-0.4819744355740192
user1,2025-11-30 13:07:44.121669,13,302,28.48,22,1156,6,1,273.0,231.2,158.46666666666667,1,-0.5164972990730713
user1,2025-11-30 14:09:36.121669,14,210,24.47,22,1366,6,1,302.0,227.66666666666666,61.86666666666667,1,-0.42297547519190165
user1,2025-11-30 16:40:31.121669,16,245,27.8,22,1611,6,1,210.0,230.14285714285714,150.91666666666666,1,-0.482011322281954
user1,2025-11-30 17:33:57.121669,17,144,28.49,22,1755,6,1,245.0,219.375,53.43333333333333,1,-0.4296858942349772
user1,2025-11-30 19:28:34.121669,19,199,25.46,22,1954,6,1,144.0,217.11111111111111,114.61666666666666,1,-0.460932193807127
user1,2025-11-30 20:48:39.121669,20,88,27.9,22,2042,6,1,199.0,204.2,80.08333333333333,1,-0.48515289987603055
user1,2025-12-01 06:19:12.121669,6,103,25.47,23,103,0,0,185.45870206489676,103.0,0.0,1,-0.520119545124356
user1,2025-12-01 07:23:22.121669,7,216,22.54,23,319,0,0,103.0,159.5,64.16666666666667,1,-0.4955809968344145
user1,2025-12-01 08:42:21.121669,8,97,25.97,23,416,0,0,216.0,138.66666666666666,78.98333333333333,1,-0.4869137721205496
user1,2025-12-01 09:03:15.121669,9,158,26.24,23,574,0,0,97.0,143.5,20.9,1,-0.44212772926471505
user1,2025-12-01 10:26:43.121669,10,241,23.93,23,815,0,0,158.0,163.0,83.46666666666667,1,-0.44208054799551555
user1,2025-12-01 11:08:20.121669,11,233,23.31,23,1048,0,0,241.0,174.66666666666666,41.61666666666667,1,-0.4426891183884685
user1,2025-12-01 13:24:14.121669,13,261,21.99,23,1309,0,0,233.0,187.0,135.9,1,-0.519609271147908
user1,2025-12-01 14:40:32.121669,14,212,23.87,23,1521,0,0,261.0,190.125,76.3,1,-0.4303806735459873
user1,2025-12-01 15:27:25.121669,15,162,23.39,23,1683,0,0,212.0,187.0,46.88333333333333,1,-0.45504160345909805
user1,2025-12-01 16:24:18.121669,16,183,26.5,23,1866,0,0,162.0,186.6,56.88333333333333,1,-0.4257526878536916
user1,2025-12-01 17:34:23.121669,17,177,23.82,23,2043,0,0,183.0,185.72727272727272,70.08333333333333,1,-0.44126328011710625
user1,2025-12-01 19:39:16.121669,19,167,22.97,23,2210,0,0,177.0,184.16666666666666,124.88333333333334,1,-0.4838713561135083
user1,2025-12-01 21:20:38.121669,21,135,21.54,23,2345,0,0,167.0,180.3846153846154,101.36666666666666,1,-0.49628866409040767
user1,2025-12-01 22:11:36.121669,22,102,26.24,23,2447,0,0,135.0,174.78571428571428,50.96666666666667,1,-0.5071904347350151
user1,2025-12-02 06:55:05.121669,6,173,28.53,24,173,1,0,185.45870206489676,173.0,0.0,1,-0.47039439348738094
user1,2025-12-02 07:48:37.121669,7,210,32.88,24,383,1,0,173.0,191.5,53.53333333333333,1,-0.5330751884510242
user1,2025-12-02 11:06:13.121669,11,247,32.44,24,630,1,0,210.0,210.0,197.6,-1,-0.5420589396263861
user1,2025-12-02 13:11:45.121669,13,246,28.58,24,876,1,0,247.0,219.0,125.53333333333333,1,-0.4524900856919874
user1,2025-12-02 15:40:53.121669,15,300,34.22,24,1176,1,0,246.0,235.2,149.13333333333333,-1,-0.5884650858024231
user1,2025-12-02 16:45:36.121669,16,207,33.49,24,1383,1,0,300.0,230.5,64.71666666666667,1,-0.5034542440734743
user1,2025-12-02 19:46:46.121669,19,254,31.62,24,1637,1,0,207.0,233.85714285714286,181.16666666666666,-1,-0.5434242962341903
user1,2025-12-02 20:11:59.121669,20,147,31.11,24,1784,1,0,254.0,223.0,25.216666666666665,1,-0.48975233118305195
user1,2025-12-02 22:37:10.121669,22,115,31.8,24,1899,1,0,147.0,211.0,145.18333333333334,-1,-0.5386147454116641
user1,2025-12-03 06:18:41.121669,6,177,24.24,25,177,2,0,185.45870206489676,177.0,0.0,1,-0.49013675756925423
user1,2025-12-03 07:12:05.121669,7,210,24.64,25,387,2,0,177.0,193.5,53.4,1,-0.469467715361288
user1,2025-12-03 09:30:07.121669,9,212,27.31,25,599,2,0,210.0,199.66666666666666,138.03333333333333,1,-0.4720480579718387
user1,2025-12-03 10:05:44.121669,10,193,24.31,25,792,2,0,212.0,198.0,35.61666666666667,1,-0.44329988876741694
user1,2025-12-03 11:04:36.121669,11,282,25.21,25,1074,2,0,193.0,214.8,58.86666666666667,1,-0.46334421707881285
user1,2025-12-03 12:28:11.121669,12,249,23.94,25,1323,2,0,282.0,220.5,83.58333333333333,1,-0.4512704288323462
user1,2025-12-03 13:43:17.121669,13,190,28.73,25,1513,2,0,249.0,216.14285714285714,75.1,1,-0.43511760865689897
user1,2025-12-03 14:58:53.121669,14,203,26.52,25,1716,2,0,190.0,214.5,75.6,1,-0.43068824236583847
user1,2025-12-03 16:51:03.121669,16,155,26.12,25,1871,2,0,203.0,207.88888888888889,112.16666666666667,1,-0.44899556226191484
user1,2025-12-03 17:30:06.121669,17,164,23.71,25,2035,2,0,155.0,203.5,39.05,1,-0.4564498933165247
user1,2025-12-03 18:53:46.121669,18,228,27.04,25,2263,2,0,164.0,205.72727272727272,83.66666666666667,1,-0.45105181823091084
user1,2025-12-03 20:22:08.121669,20,141,25.26,25,2404,2,0,228.0,200.33333333333334,88.36666666666666,1,-0.4546798451672691
user1,2025-12-03 21:20:17.121669,21,139,29.23,25,2543,2,0,141.0,195.6153846153846,58.15,1,-0.4719057542692031
user1,2025-12-04 07:27:46.121669,7,99,26.31,26,99,3,0,185.45870206489676,99.0,0.0,1,-0.5118038453165737
user1,2025-12-04 09:53:57.121669,9,175,25.48,26,274,3,0,99.0,137.0,146.18333333333334,1,-0.47287964010876127
user1,2025-12-04 10:51:38.121669,10,201,25.56,26,475,3,0,175.0,158.33333333333334,57.68333333333333,1,-0.43234202956424506
user1,2025-12-04 11:29:59.121669,11,231,28.05,26,706,3,0,201.0,176.5,38.35,1,-0.44214778682648687
user1,2025-12-04 12:24:57.121669,12,289,30.33,26,995,3,0,231.0,199.0,54.96666666666667,1,-0.4686747770957838
user1,2025-12-04 13:39:20.121669,13,185,28.65,26,1180,3,0,289.0,196.66666666666666,74.38333333333334,1,-0.425211294731633
user1,2025-12-04 14:15:37.121669,14,187,28.49,26,1367,3,0,185.0,195.28571428571428,36.28333333333333,1,-0.4443707777590715
user1,2025-12-04 15:20:32.121669,15,279,24.8,26,1646,3,0,187.0,205.75,64.91666666666667,1,-0.45553352109741624
user1,2025-12-04 16:02:41.121669,16,201,26.7,26,1847,3,0,279.0,205.22222222222223,42.15,1,-0.4296668161223775
user1,2025-12-04 17:39:43.121669,17,283,30.16,26,2130,3,0,201.0,213.0,97.03333333333333,1,-0.49170139575483035
user1,2025-12-04 18:44:37.121669,18,138,25.42,26,2268,3,0,283.0,206.1818181818182,64.9,1,-0.4515477630367721
user1,2025-12-04 21:50:56.121669,21,138,30.18,26,2406,3,0,138.0,200.5,186.31666666666666,1,-0.5208942213524266
user1,2025-12-04 22:06:00.121669,22,126,27.21,26,2532,3,0,138.0,194.76923076923077,15.066666666666666,1,-0.5238683154392123
user1,2025-12-05 08:03:19.121669,8,166,24.54,27,166,4,0,185.45870206489676,166.0,0.0,1,-0.4592728252918514
user1,2025-12-05 09:20:36.121669,9,125,27.89,27,291,4,0,166.0,145.5,77.28333333333333,1,-0.45069939750016524
user1,2025-12-05 10:53:00.121669,10,205,23.46,27,496,4,0,125.0,165.33333333333334,92.4,1,-0.4415174376896353
user1,2025-12-05 11:06:20.121669,11,154,23.49,27,650,4,0,205.0,162.5,13.333333333333334,1,-0.47233253043294643
user1,2025-12-05 13:44:37.121669,13,161,26.42,27,811,4,0,154.0,162.2,158.28333333333333,1,-0.46196413461876834
user1,2025-12-05 14:37:25.121669,14,160,24.29,27,971,4,0,161.0,161.83333333333334,52.8,1,-0.42923370738577593
user1,2025-12-05 17:56:14.121669,17,135,27.45,27,1106,4,0,160.0,158.0,198.81666666666666,1,-0.5090098972059643
user1,2025-12-05 22:48:29.121669,22,86,25.28,27,1192,4,0,135.0,149.0,292.25,-1,-0.6437332299771729
user1,2025-12-06 06:19:22.121669,6,145,30.42,28,145,5,1,185.45870206489676,145.0,0.0,1,-0.49691173649199205
user1,2025-12-06 07:11:33.121669,7,147,30.79,28,292,5,1,145.0,146.0,52.18333333333333,1,-0.4730829231355156
user1,2025-12-06 08:06:39.121669,8,166,29.57,28,458,5,1,147.0,152.66666666666666,55.1,1,-0.43881864667788123
user1,2025-12-06 10:43:10.121669,10,281,32.48,28,739,5,1,166.0,184.75,156.51666666666668,-1,-0.5503207692565444
user1,2025-12-06 11:49:30.121669,11,255,33.37,28,994,5,1,281.0,198.8,66.33333333333333,1,-0.5082634502431262
user1,2025-12-06 13:45:29.121669,13,195,33.67,28,1189,5,1,255.0,198.16666666666666,115.98333333333333,1,-0.5077705437108939
user1,2025-12-06 17:11:58.121669,17,134,28.35,28,1323,5,1,195.0,189.0,206.48333333333332,1,-0.5071760675058581
user1,2025-12-06 18:16:00.121669,18,311,31.47,28,1634,5,1,134.0,204.25,64.03333333333333,1,-0.5263954104679988
user1,2025-12-06 19:33:04.121669,19,207,29.48,28,1841,5,1,311.0,204.55555555555554,77.06666666666666,1,-0.4437882071883713
user1,2025-12-06 20:59:51.121669,20,140,28.54,28,1981,5,1,207.0,198.1,86.78333333333333,1,-0.4462703710476562
user1,2025-12-06 21:28:15.121669,21,119,29.05,28,2100,5,1,140.0,190.9090909090909,28.4,1,-0.46725228898160404
user1,2025-12-06 22:53:02.121669,22,128,33.54,28,2228,5,1,119.0,185.66666666666666,84.78333333333333,-1,-0.552041546391249
user1,2025-12-07 06:50:32.121669,6,121,24.48,29,121,6,1,185.45870206489676,121.0,0.0,1,-0.49099899520025886
user1,2025-12-07 07:19:24.121669,7,99,27.44,29,220,6,1,121.0,110.0,28.866666666666667,1,-0.507785068511632
user1,2025-12-07 09:15:38.121669,9,139,26.7,29,359,6,1,99.0,119.66666666666667,116.23333333333333,1,-0.4572597634959447
user1,2025-12-07 10:32:44.121669,10,230,26.16,29,589,6,1,139.0,147.25,77.1,1,-0.42320233781578126
user1,2025-12-07 11:26:14.121669,11,290,25.71,29,879,6,1,230.0,175.8,53.5,1,-0.4808948700645248
user1,2025-12-07 13:47:32.121669,13,156,24.04,29,1035,6,1,290.0,172.5,141.3,1,-0.4650433134651721
user1,2025-12-07 14:40:07.121669,14,255,26.55,29,1290,6,1,156.0,184.28571428571428,52.583333333333336,1,-0.430486416237604
user1,2025-12-07 15:47:16.121669,15,155,26.17,29,1445,6,1,255.0,180.625,67.15,1,-0.43104283640506086
user1,2025-12-07 16:32:21.121669,16,141,27.57,29,1586,6,1,155.0,176.22222222222223,45.083333333333336,1,-0.4379738411159912
user1,2025-12-07 18:03:21.121669,18,158,24.05,29,1744,6,1,141.0,174.4,91.0,1,-0.43524932219691526
user1,2025-12-07 19:56:42.121669,19,117,22.11,29,1861,6,1,158.0,169.1818181818182,113.35,1,-0.4887312003013838
user1,2025-12-07 20:46:24.121669,20,97,27.64,29,1958,6,1,117.0,163.16666666666666,49.7,1,-0.4715850776904896
user1,2025-12-07 21:16:38.121669,21,116,23.9,29,2074,6,1,97.0,159.53846153846155,30.233333333333334,1,-0.4812727416304634
user1,2025-12-07 22:07:29.121669,22,111,25.27,29,2185,6,1,116.0,156.07142857142858,50.85,1,-0.487104555285557
user1,2025-12-08 06:11:28.121669,6,106,25.49,30,106,0,0,185.45870206489676,106.0,0.0,1,-0.5152217470313757
user1,2025-12-08 08:41:59.121669,8,197,23.14,30,303,0,0,106.0,151.5,150.51666666666668,1,-0.5042487186996342
user1,2025-12-08 09:58:43.121669,9,125,20.78,30,428,0,0,197.0,142.66666666666666,76.73333333333333,1,-0.5002565368794036
user1,2025-12-08 11:38:19.121669,11,211,24.44,30,639,0,0,125.0,159.75,99.6,1,-0.44295381219689817
user1,2025-12-08 12:41:24.121669,12,213,21.5,30,852,0,0,211.0,170.4,63.083333333333336,1,-0.46033108211324447
user1,2025-12-08 14:37:06.121669,14,188,24.15,30,1040,0,0,213.0,173.33333333333334,115.7,1,-0.44752719354867126
user1,2025-12-08 15:16:21.121669,15,167,22.79,30,1207,0,0,188.0,172.42857142857142,39.25,1,-0.4531502011427821
user1,2025-12-08 18:17:22.121669,18,180,21.47,30,1387,0,0,167.0,173.375,181.01666666666668,1,-0.5199119832810882
user1,2025-12-08 19:02:15.121669,19,178,19.74,30,1565,0,0,180.0,173.88888888888889,44.88333333333333,1,-0.5180495860422336
user1,2025-12-08 20:52:40.121669,20,111,25.3,30,1676,0,0,178.0,167.6,110.41666666666667,1,-0.4677962863341094
user1,2025-12-08 21:13:34.121669,21,78,19.69,30,1754,0,0,111.0,159.45454545454547,20.9,-1,-0.6139766073522054
user1,2025-12-08 22:55:24.121669,22,130,22.53,30,1884,0,0,78.0,157.0,101.83333333333333,1,-0.49490604296919294
user1,2025-12-09 07:33:01.121669,7,120,24.9,31,120,1,0,185.45870206489676,120.0,0.0,1,-0.4792378494066225
user1,2025-12-09 08:56:35.121669,8,189,23.03,31,309,1,0,120.0,154.5,83.56666666666666,1,-0.4710649771362984
user1,2025-12-09 10:16:46.121669,10,263,25.48,31,572,1,0,189.0,190.66666666666666,80.18333333333334,1,-0.45523959982032686
user1,2025-12-09 11:27:36.121669,11,182,22.2,31,754,1,0,263.0,188.5,70.83333333333333,1,-0.4537401592971043
user1,2025-12-09 13:14:12.121669,13,227,20.93,31,981,1,0,182.0,196.2,106.6,1,-0.4848936056768481
user1,2025-12-09 14:26:01.121669,14,260,22.63,31,1241,1,0,227.0,206.83333333333334,71.81666666666666,1,-0.4545312555797271
user1,2025-12-09 15:35:23.121669,15,195,25.06,31,1436,1,0,260.0,205.14285714285714,69.36666666666666,1,-0.4211061846644072
user1,2025-12-09 17:23:32.121669,17,220,22.08,31,1656,1,0,195.0,207.0,108.15,1,-0.4676119262773653
user1,2025-12-09 18:41:06.121669,18,210,23.81,31,1866,1,0,220.0,207.33333333333334,77.56666666666666,1,-0.4324475059426207
user1,2025-12-09 19:32:57.121669,19,208,24.75,31,2074,1,0,210.0,207.4,51.85,1,-0.45234152390709875
user1,2025-12-09 21:31:20.121669,21,112,23.47,31,2186,1,0,208.0,198.72727272727272,118.38333333333334,1,-0.5048518679306551
user1,2025-12-09 22:49:08.121669,22,135,24.56,31,2321,1,0,112.0,193.41666666666666,77.8,1,-0.4707613811052907
user1,2025-12-10 06:26:04.121669,6,167,28.33,32,167,2,0,185.45870206489676,167.0,0.0,1,-0.46836296345151257
user1,2025-12-10 09:05:09.121669,9,112,27.42,32,279,2,0,167.0,139.5,159.08333333333334,1,-0.5201668468976416
user1,2025-12-10 10:01:25.121669,10,197,27.6,32,476,2,0,112.0,158.66666666666666,56.266666666666666,1,-0.42694754217500264
user1,2025-12-10 11:32:58.121669,11,208,28.29,32,684,2,0,197.0,171.0,91.55,1,-0.426765897672055
user1,2025-12-10 12:38:54.121669,12,202,23.31,32,886,2,0,208.0,177.2,65.93333333333334,1,-0.4278807511987048
user1,2025-12-10 13:20:13.121669,13,205,24.8,32,1091,2,0,202.0,181.83333333333334,41.31666666666667,1,-0.4254147390545372
user1,2025-12-10 14:48:10.121669,14,321,23.14,32,1412,2,0,205.0,201.71428571428572,87.95,1,-0.5046195770712852
user1,2025-12-10 15:47:48.121669,15,246,26.03,32,1658,2,0,321.0,207.25,59.63333333333333,1,-0.4362426343392663
user1,2025-12-10 16:05:13.121669,16,265,23.5,32,1923,2,0,246.0,213.66666666666666,17.416666666666668,1,-0.5005330034686389
user1,2025-12-10 17:09:57.121669,17,124,23.29,32,2047,2,0,265.0,204.7,64.73333333333333,1,-0.4670249984609807
user1,2025-12-10 18:37:33.121669,18,190,25.7,32,2237,2,0,124.0,203.36363636363637,87.6,1,-0.457480048617955
user1,2025-12-10 20:48:05.121669,20,82,26.6,32,2319,2,0,190.0,193.25,130.53333333333333,1,-0.5310181654146932
user1,2025-12-10 21:55:09.121669,21,159,26.01,32,2478,2,0,82.0,190.6153846153846,67.06666666666666,1,-0.4778300203581581
user1,2025-12-11 06:40:06.121669,6,156,23.65,33,156,3,0,185.45870206489676,156.0,0.0,1,-0.4857470490601672
user1,2025-12-11 07:49:58.121669,7,140,20.02,33,296,3,0,156.0,148.0,69.86666666666666,-1,-0.5394930176331523
user1,2025-12-11 09:12:21.121669,9,152,20.05,33,448,3,0,140.0,149.33333333333334,82.38333333333334,1,-0.5071241291987918
user1,2025-12-11 10:44:24.121669,10,176,21.25,33,624,3,0,152.0,156.0,92.05,1,-0.4713229324948735
user1,2025-12-11 11:39:42.121669,11,228,22.78,33,852,3,0,176.0,170.4,55.3,1,-0.4376164760214926
user1,2025-12-11 12:31:27.121669,12,150,22.89,33,1002,3,0,228.0,167.0,51.75,1,-0.4415645101833662
user1,2025-12-11 13:54:28.121669,13,246,22.18,33,1248,3,0,150.0,178.28571428571428,83.01666666666667,1,-0.46397800665920436
user1,2025-12-11 17:48:47.121669,17,157,20.58,33,1405,3,0,246.0,175.625,234.31666666666666,-1,-0.5698051755819805
user1,2025-12-11 19:41:56.121669,19,204,22.05,33,1609,3,0,157.0,178.77777777777777,113.15,1,-0.4900682968127526
user1,2025-12-11 20:59:26.121669,20,85,24.76,33,1694,3,0,204.0,169.4,77.5,1,-0.4959596009363234
user1,2025-12-11 22:02:54.121669,22,81,24.28,33,1775,3,0,85.0,161.36363636363637,63.46666666666667,1,-0.5198499767871542
user1,2025-12-12 06:46:18.121669,6,124,28.58,34,124,4,0,185.45870206489676,124.0,0.0,1,-0.5001544735834018
user1,2025-12-12 07:09:36.121669,7,141,29.39,34,265,4,0,124.0,132.5,23.3,1,-0.4692154168753513
user1,2025-12-12 08:53:02.121669,8,139,27.01,34,404,4,0,141.0,134.66666666666666,103.43333333333334,1,-0.4503692603312562
user1,2025-12-12 09:24:58.121669,9,115,23.95,34,519,4,0,139.0,129.75,31.933333333333334,1,-0.47581697531287886
user1,2025-12-12 14:47:14.121669,14,180,25.37,34,699,4,0,115.0,139.8,322.26666666666665,-1,-0.5606132810508592
user1,2025-12-12 15:10:21.121669,15,244,26.08,34,943,4,0,180.0,157.16666666666666,23.116666666666667,1,-0.4554526281609942
user1,2025-12-12 16:43:07.121669,16,128,24.7,34,1071,4,0,244.0,153.0,92.76666666666667,1,-0.4632626851115485
user1,2025-12-12 17:34:51.121669,17,210,26.8,34,1281,4,0,128.0,160.125,51.733333333333334,1,-0.4240193806256626
user1,2025-12-12 18:25:33.121669,18,127,28.32,34,1408,4,0,210.0,156.44444444444446,50.7,1,-0.4534419557100074
user1,2025-12-12 19:02:44.121669,19,204,26.24,34,1612,4,0,127.0,161.2,37.18333333333333,1,-0.44986654832757095
user1,2025-12-12 20:53:25.121669,20,105,26.83,34,1717,4,0,204.0,156.0909090909091,110.68333333333334,1,-0.4693347703245529
user1,2025-12-12 22:53:56.121669,22,103,23.79,34,1820,4,0,105.0,151.66666666666666,120.51666666666667,1,-0.5083095458803935
user1,2025-12-13 07:06:11.121669,7,118,29.96,35,118,5,1,185.45870206489676,118.0,0.0,1,-0.5089538520586486
user1,2025-12-13 09:51:02.121669,9,144,30.7,35,262,5,1,118.0,131.0,164.85,1,-0.5074352718004725
user1,2025-12-13 10:31:45.121669,10,325,34.29,35,587,5,1,144.0,195.66666666666666,40.71666666666667,-1,-0.6052472388667334
user1,2025-12-13 11:49:09.121669,11,263,30.58,35,850,5,1,325.0,212.5,77.4,1,-0.4588311889953322
user1,2025-12-13 12:10:26.121669,12,179,34.78,35,1029,5,1,263.0,205.8,21.283333333333335,-1,-0.5533418493854941
user1,2025-12-13 13:58:21.121669,13,249,31.98,35,1278,5,1,179.0,213.0,107.91666666666667,1,-0.46702275603264726
user1,2025-12-13 14:25:23.121669,14,229,33.3,35,1507,5,1,249.0,215.28571428571428,27.033333333333335,1,-0.5231293602755025
user1,2025-12-13 15:53:25.121669,15,211,30.91,35,1718,5,1,229.0,214.75,88.03333333333333,1,-0.44975407896402
user1,2025-12-13 20:05:02.121669,20,144,32.81,35,1862,5,1,211.0,206.88888888888889,251.61666666666667,-1,-0.5749508232147368
user1,2025-12-13 21:26:01.121669,21,115,30.16,35,1977,5,1,144.0,197.7,80.98333333333333,1,-0.47642961269012724
user1,2025-12-14 08:51:43.121669,8,185,26.7,36,185,6,1,185.45870206489676,185.0,0.0,1,-0.46649401995534845
user1,2025-12-14 11:14:55.121669,11,250,21.65,36,435,6,1,185.0,217.5,143.2,1,-0.5317999458544453
user1,2025-12-14 12:58:53.121669,12,159,26.15,36,594,6,1,250.0,198.0,103.96666666666667,1,-0.4389314463553704
user1,2025-12-14 13:05:47.121669,13,268,25.32,36,862,6,1,159.0,215.5,6.9,1,-0.4728657886943263
user1,2025-12-14 14:59:52.121669,14,270,22.54,36,1132,6,1,268.0,226.4,114.08333333333333,1,-0.4739312472422064
user1,2025-12-14 18:12:33.121669,18,199,22.76,36,1331,6,1,270.0,221.83333333333334,192.68333333333334,1,-0.506540284585407
user1,2025-12-14 19:32:56.121669,19,134,21.73,36,1465,6,1,199.0,209.28571428571428,80.38333333333334,1,-0.4745740235464808
user1,2025-12-14 20:00:04.121669,20,113,21.29,36,1578,6,1,134.0,197.25,27.133333333333333,1,-0.5222111651212489
user1,2025-12-15 06:20:21.121669,6,216,32.25,37,216,0,0,185.45870206489676,216.0,0.0,-1,-0.553518717601291
user1,2025-12-15 07:44:52.121669,7,173,28.35,37,389,0,0,216.0,194.5,84.51666666666667,1,-0.4500980294370237
user1,2025-12-15 08:47:00.121669,8,163,30.42,37,552,0,0,173.0,184.0,62.13333333333333,1,-0.4556723495420358
user1,2025-12-15 10:08:17.121669,10,287,29.17,37,839,0,0,163.0,209.75,81.28333333333333,1,-0.47333190406561104
user1,2025-12-15 11:49:22.121669,11,159,29.62,37,998,0,0,287.0,199.6,101.08333333333333,1,-0.4430506949271205
user1,2025-12-15 12:45:32.121669,12,186,29.32,37,1184,0,0,159.0,197.33333333333334,56.166666666666664,1,-0.43144700712086076
user1,2025-12-15 13:49:41.121669,13,204,31.48,37,1388,0,0,186.0,198.28571428571428,64.15,1,-0.45590574819583646
user1,2025-12-15 14:47:06.121669,14,243,27.7,37,1631,0,0,204.0,203.875,57.416666666666664,1,-0.4351423582983833
user1,2025-12-15 15:16:46.121669,15,212,31.77,37,1843,0,0,243.0,204.77777777777777,29.666666666666668,1,-0.48274235619465405
user1,2025-12-15 16:10:31.121669,16,299,32.59,37,2142,0,0,212.0,214.2,53.75,-1,-0.5598518966018095
user1,2025-12-15 17:30:47.121669,17,279,30.13,37,2421,0,0,299.0,220.0909090909091,80.26666666666667,1,-0.5027653679098404
user1,2025-12-15 18:44:24.121669,18,165,32.14,37,2586,0,0,279.0,215.5,73.61666666666666,1,-0.5209847229954354
user1,2025-12-15 19:03:41.121669,19,246,30.67,37,2832,0,0,165.0,217.84615384615384,19.283333333333335,-1,-0.5767234989292072
user1,2025-12-15 20:50:03.121669,20,133,28.99,37,2965,0,0,246.0,211.78571428571428,106.36666666666666,1,-0.5256276848316992
user1,2025-12-15 22:17:33.121669,22,153,28.78,37,3118,0,0,133.0,207.86666666666667,87.5,-1,-0.563135457440876
user1,2025-12-16 08:40:51.121669,8,150,21.92,38,150,1,0,185.45870206489676,150.0,0.0,1,-0.5010492033525809
user1,2025-12-16 10:24:53.121669,10,170,19.77,38,320,1,0,150.0,160.0,104.03333333333333,-1,-0.537494894238348
user1,2025-12-16 12:17:23.121669,12,222,21.14,38,542,1,0,170.0,180.66666666666666,112.5,1,-0.5063104689999123
user1,2025-12-16 13:09:26.121669,13,179,24.53,38,721,1,0,222.0,180.25,52.05,1,-0.43790554037513807
user1,2025-12-16 14:56:04.121669,14,166,21.75,38,887,1,0,179.0,177.4,106.63333333333334,1,-0.4683093997669507
user1,2025-12-16 15:33:22.121669,15,323,20.8,38,1210,1,0,166.0,201.66666666666666,37.3,-1,-0.5521706413009715
user1,2025-12-16 16:37:04.121669,16,167,21.78,38,1377,1,0,323.0,196.71428571428572,63.7,1,-0.4619339791118716
user1,2025-12-16 17:47:30.121669,17,129,23.93,38,1506,1,0,167.0,188.25,70.43333333333334,1,-0.44896493112305424
user1,2025-12-16 19:49:14.121669,19,218,24.61,38,1724,1,0,129.0,191.55555555555554,121.73333333333333,1,-0.4701854114846534
user1,2025-12-16 20:52:12.121669,20,106,22.18,38,1830,1,0,218.0,183.0,62.96666666666667,1,-0.4835531003393245
user1,2025-12-17 06:00:42.121669,6,132,26.64,39,132,2,0,185.45870206489676,132.0,0.0,1,-0.48061791367659984
user1,2025-12-17 09:45:29.121669,9,137,25.11,39,269,2,0,132.0,134.5,224.78333333333333,-1,-0.5382715020779553
user1,2025-12-17 11:59:22.121669,11,233,29.68,39,502,2,0,137.0,167.33333333333334,133.88333333333333,1,-0.4769257021491144
user1,2025-12-17 13:06:20.121669,13,279,25.09,39,781,2,0,233.0,195.25,66.96666666666667,1,-0.47161327875775444
user1,2025-12-17 14:35:44.121669,14,262,29.54,39,1043,2,0,279.0,208.6,89.4,1,-0.4374924621849229
user1,2025-12-17 15:04:20.121669,15,207,29.44,39,1250,2,0,262.0,208.33333333333334,28.6,1,-0.44865710106606455
user1,2025-12-17 16:18:53.121669,16,208,30.75,39,1458,2,0,207.0,208.28571428571428,74.55,1,-0.438408796635075
user1,2025-12-17 17:42:41.121669,17,236,27.17,39,1694,2,0,208.0,211.75,83.8,1,-0.4235562330928191
user1,2025-12-17 18:43:57.121669,18,214,30.24,39,1908,2,0,236.0,212.0,61.266666666666666,1,-0.43545302535955377
user1,2025-12-17 20:49:14.121669,20,87,26.92,39,1995,2,0,214.0,199.5,125.28333333333333,1,-0.5036322135902769
user1,2025-12-17 21:53:24.121669,21,118,28.55,39,2113,2,0,87.0,192.0909090909091,64.16666666666667,1,-0.4556565815440754
user1,2025-12-18 06:42:03.121669,6,168,26.9,40,168,3,0,185.45870206489676,168.0,0.0,1,-0.46191596501069654
user1,2025-12-18 07:15:25.121669,7,157,26.84,40,325,3,0,168.0,162.5,33.36666666666667,1,-0.44079965223430845
user1,2025-12-18 09:51:51.121669,9,168,27.37,40,493,3,0,157.0,164.33333333333334,156.43333333333334,1,-0.4628692151785744
user1,2025-12-18 10:59:30.121669,10,253,24.54,40,746,3,0,168.0,186.5,67.65,1,-0.4494386520050768
user1,2025-12-18 12:09:15.121669,12,164,26.27,40,910,3,0,253.0,182.0,69.75,1,-0.4165488835387826
user1,2025-12-18 13:37:39.121669,13,200,29.97,40,1110,3,0,164.0,185.0,88.4,1,-0.43936818093784863
user1,2025-12-18 14:31:18.121669,14,224,25.47,40,1334,3,0,200.0,190.57142857142858,53.65,1,-0.4258711733579046
user1,2025-12-18 15:53:55.121669,15,295,24.49,40,1629,3,0,224.0,203.625,82.61666666666666,1,-0.4728777383722398
user1,2025-12-18 16:47:49.121669,16,136,28.88,40,1765,3,0,295.0,196.11111111111111,53.9,1,-0.44275880865723877
user1,2025-12-18 17:38:23.121669,17,155,29.26,40,1920,3,0,136.0,192.0,50.56666666666667,1,-0.4336442976201947
user1,2025-12-18 18:34:24.121669,18,221,25.87,40,2141,3,0,155.0,194.63636363636363,56.016666666666666,1,-0.44619127656432594
user1,2025-12-18 20:02:58.121669,20,129,27.75,40,2270,3,0,221.0,189.16666666666666,88.56666666666666,1,-0.44504811464681104
user1,2025-12-18 21:41:39.121669,21,133,28.0,40,2403,3,0,129.0,184.84615384615384,98.68333333333334,1,-0.46329547371773616
user1,2025-12-18 22:13:03.121669,22,117,28.9,40,2520,3,0,133.0,180.0,31.4,1,-0.509322257670431
user1,2025-12-19 07:18:18.121669,7,142,28.13,41,142,4,0,185.45870206489676,142.0,0.0,1,-0.45371382464397936
user1,2025-12-19 08:02:14.121669,8,139,25.41,41,281,4,0,142.0,140.5,43.93333333333333,1,-0.45013327950550935
user1,2025-12-19 09:25:05.121669,9,174,23.7,41,455,4,0,139.0,151.66666666666666,82.85,1,-0.43555026318461626
user1,2025-12-19 11:57:03.121669,11,236,27.65,41,691,4,0,174.0,172.75,151.96666666666667,1,-0.46942505531367895
user1,2025-12-19 13:58:21.121669,13,241,24.51,41,932,4,0,236.0,186.4,121.3,1,-0.4449119646578761
user1,2025-12-19 14:50:52.121669,14,306,25.2,41,1238,4,0,241.0,206.33333333333334,52.516666666666666,1,-0.48172287137529923
user1,2025-12-19 15:11:31.121669,15,290,24.15,41,1528,4,0,306.0,218.28571428571428,20.65,1,-0.49961535782451766
user1,2025-12-19 16:33:17.121669,16,187,25.79,41,1715,4,0,290.0,214.375,81.76666666666667,1,-0.4190335755420115
user1,2025-12-19 18:16:49.121669,18,217,23.69,41,1932,4,0,187.0,214.66666666666666,103.53333333333333,1,-0.4503676147070492
user1,2025-12-19 20:23:27.121669,20,109,23.02,41,2041,4,0,217.0,204.1,126.63333333333334,1,-0.5013722969646841
user1,2025-12-19 21:05:35.121669,21,152,26.47,41,2193,4,0,109.0,199.36363636363637,42.13333333333333,1,-0.4651814116174937
user1,2025-12-19 22:18:45.121669,22,94,24.96,41,2287,4,0,152.0,190.58333333333334,73.16666666666667,1,-0.4934640507578803
user1,2025-12-20 06:00:20.121669,6,136,23.83,42,136,5,1,185.45870206489676,136.0,0.0,1,-0.49263757061097097
user1,2025-12-20 08:07:03.121669,8,161,25.0,42,297,5,1,136.0,148.5,126.71666666666667,1,-0.47629260178341143
user1,2025-12-20 12:42:47.121669,12,301,25.05,42,598,5,1,161.0,199.33333333333334,275.73333333333335,-1,-0.6148506761516858
user1,2025-12-20 14:20:48.121669,14,260,25.53,42,858,5,1,301.0,214.5,98.01666666666667,1,-0.4542919944880714
user1,2025-12-20 15:40:55.121669,15,230,24.03,42,1088,5,1,260.0,217.6,80.11666666666666,1,-0.4291822066474668
user1,2025-12-20 16:13:27.121669,16,229,28.6,42,1317,5,1,230.0,219.5,32.53333333333333,1,-0.43662885433807935
user1,2025-12-20 19:10:51.121669,19,228,24.36,42,1545,5,1,229.0,220.71428571428572,177.4,1,-0.5027698118405365
user1,2025-12-20 20:11:32.121669,20,84,27.44,42,1629,5,1,228.0,203.625,60.68333333333333,1,-0.5022581696296673
user1,2025-12-20 21:55:08.121669,21,161,24.72,42,1790,5,1,84.0,198.88888888888889,103.6,1,-0.4582377247384239
user1,2025-12-20 22:18:57.121669,22,104,28.3,42,1894,5,1,161.0,189.4,23.816666666666666,1,-0.5120362714279126
user1,2025-12-21 06:44:43.121669,6,111,25.21,43,111,6,1,185.45870206489676,111.0,0.0,1,-0.5129080315875364
user1,2025-12-21 08:13:06.121669,8,129,23.46,43,240,6,1,111.0,120.0,88.38333333333334,1,-0.47687394726868904
user1,2025-12-21 09:15:38.121669,9,198,24.66,43,438,6,1,129.0,146.0,62.53333333333333,1,-0.4315838832362255
user1,2025-12-21 12:08:25.121669,12,292,27.27,43,730,6,1,198.0,182.5,172.78333333333333,1,-0.5262243889670782
user1,2025-12-21 14:32:45.121669,14,201,27.25,43,931,6,1,292.0,186.2,144.33333333333334,1,-0.46050373449273324
user1,2025-12-21 16:59:25.121669,16,226,25.55,43,1157,6,1,201.0,192.83333333333334,146.66666666666666,1,-0.4655639938387663
user1,2025-12-21 18:57:42.121669,18,197,24.18,43,1354,6,1,226.0,193.42857142857142,118.28333333333333,1,-0.4562185885780711
user1,2025-12-21 21:31:12.121669,21,96,23.08,43,1450,6,1,197.0,181.25,153.5,-1,-0.5414008793857087
user1,2025-12-21 22:38:03.121669,22,103,22.08,43,1553,6,1,96.0,172.55555555555554,66.85,1,-0.5191623866207743
user1,2025-12-22 06:10:15.121669,6,138,26.9,44,138,0,0,185.45870206489676,138.0,0.0,1,-0.47000291431284924
user1,2025-12-22 07:28:38.121669,7,167,26.96,44,305,0,0,138.0,152.5,78.38333333333334,1,-0.442250096362613
user1,2025-12-22 08:31:48.121669,8,128,27.87,44,433,0,0,167.0,144.33333333333334,63.166666666666664,1,-0.4435665384618321
user1,2025-12-22 09:50:36.121669,9,174,28.04,44,607,0,0,128.0,151.75,78.8,1,-0.41992178977957906
user1,2025-12-22 11:21:55.121669,11,206,24.0,44,813,0,0,174.0,162.6,91.31666666666666,1,-0.4300743840339059
user1,2025-12-22 12:06:46.121669,12,305,27.16,44,1118,0,0,206.0,186.33333333333334,44.85,1,-0.4822086179494432
user1,2025-12-22 13:22:47.121669,13,200,25.11,44,1318,0,0,305.0,188.28571428571428,76.01666666666667,1,-0.423456905432839
user1,2025-12-22 15:05:59.121669,15,276,27.2,44,1594,0,0,200.0,199.25,103.2,1,-0.45899536837896815
user1,2025-12-22 16:07:04.121669,16,174,29.08,44,1768,0,0,276.0,196.44444444444446,61.083333333333336,1,-0.42712669343550896
user1,2025-12-22 18:33:21.121669,18,143,24.19,44,1911,0,0,174.0,191.1,146.28333333333333,1,-0.48056710206463693
user1,2025-12-22 19:27:59.121669,19,237,29.29,44,2148,0,0,143.0,195.27272727272728,54.63333333333333,1,-0.4631414574344325
user1,2025-12-23 08:01:05.121669,8,129,25.21,45,129,1,0,185.45870206489676,129.0,0.0,1,-0.47369812003648737
user1,2025-12-23 09:47:41.121669,9,145,25.66,45,274,1,0,129.0,137.0,106.6,1,-0.4574957826424742
user1,2025-12-23 10:38:38.121669,10,230,23.49,45,504,1,0,145.0,168.0,50.95,1,-0.44273420168050504
user1,2025-12-23 11:59:51.121669,11,257,21.94,45,761,1,0,230.0,190.25,81.21666666666667,1,-0.4800150176066352
user1,2025-12-23 12:59:04.121669,12,194,23.29,45,955,1,0,257.0,191.0,59.21666666666667,1,-0.4283889795621715
user1,2025-12-23 13:06:40.121669,13,278,21.68,45,1233,1,0,194.0,205.5,7.6,1,-0.5261161270527671
user1,2025-12-23 15:42:28.121669,15,147,25.81,45,1380,1,0,278.0,197.14285714285714,155.8,1,-0.4815311094957071
user1,2025-12-23 19:34:16.121669,19,206,25.93,45,1586,1,0,147.0,198.25,231.8,1,-0.5180090165296943
user1,2025-12-23 20:29:12.121669,20,95,24.49,45,1681,1,0,206.0,186.77777777777777,54.93333333333333,1,-0.47345679103483207
user1,2025-12-23 21:56:20.121669,21,119,20.5,45,1800,1,0,95.0,180.0,87.13333333333334,1,-0.5112510468047601
user1,2025-12-24 07:57:16.121669,7,201,30.93,46,201,2,0,185.45870206489676,201.0,0.0,1,-0.4971210935984234
user1,2025-12-24 09:08:59.121669,9,119,25.76,46,320,2,0,201.0,160.0,71.71666666666667,1,-0.4555578983007446
user1,2025-12-24 10:12:59.121669,10,204,28.95,46,524,2,0,119.0,174.66666666666666,64.0,1,-0.42511951918454516
user1,2025-12-24 11:38:53.121669,11,197,28.65,46,721,2,0,204.0,180.25,85.9,1,-0.4309074255089594
user1,2025-12-24 12:14:12.121669,12,239,27.78,46,960,2,0,197.0,192.0,35.31666666666667,1,-0.4292586720262877
user1,2025-12-24 16:55:20.121669,16,208,25.85,46,1168,2,0,239.0,194.66666666666666,281.1333333333333,-1,-0.5548596176612672
user1,2025-12-24 17:22:06.121669,17,198,25.19,46,1366,2,0,208.0,195.14285714285714,26.766666666666666,1,-0.4518421451798269
user1,2025-12-24 18:24:39.121669,18,188,27.25,46,1554,2,0,198.0,194.25,62.55,1,-0.42402332675201687
user1,2025-12-25 07:02:32.121669,7,128,24.96,47,128,3,0,185.45870206489676,128.0,0.0,1,-0.4699138087186528
user1,2025-12-25 08:06:47.121669,8,167,27.04,47,295,3,0,128.0,147.5,64.25,1,-0.4263538006491457
user1,2025-12-25 09:37:29.121669,9,100,24.29,47,395,3,0,167.0,131.66666666666666,90.7,1,-0.48719684573830063
user1,2025-12-25 10:02:26.121669,10,181,27.62,47,576,3,0,100.0,144.0,24.95,1,-0.43859033573048933
user1,2025-12-25 11:50:48.121669,11,249,30.06,47,825,3,0,181.0,165.0,108.36666666666666,1,-0.45231653400549315
user1,2025-12-25 13:53:14.121669,13,263,27.71,47,1088,3,0,249.0,181.33333333333334,122.43333333333334,1,-0.4529857424295766
user1,2025-12-25 15:33:13.121669,15,239,29.09,47,1327,3,0,263.0,189.57142857142858,99.98333333333333,1,-0.4363731873885199
user1,2025-12-25 16:54:16.121669,16,198,24.28,47,1525,3,0,239.0,190.625,81.05,1,-0.42413014439347685
user1,2025-12-25 18:55:37.121669,18,249,27.47,47,1774,3,0,198.0,197.11111111111111,121.35,1,-0.47000246633116877
user1,2025-12-25 20:25:23.121669,20,98,24.67,47,1872,3,0,249.0,187.2,89.76666666666667,1,-0.4684914042618314
user1,2025-12-25 21:05:55.121669,21,95,26.67,47,1967,3,0,98.0,178.8181818181818,40.53333333333333,1,-0.48693857953097297
user1,2025-12-25 22:58:09.121669,22,121,25.65,47,2088,3,0,95.0,174.0,112.23333333333333,1,-0.48199207068975664
user1,2025-12-26 07:01:33.121669,7,107,26.69,48,107,4,0,185.45870206489676,107.0,0.0,1,-0.49066130376120404
user1,2025-12-26 09:38:32.121669,9,108,28.29,48,215,4,0,107.0,107.5,156.98333333333332,-1,-0.536233735440762
user1,2025-12-26 10:15:34.121669,10,167,27.51,48,382,4,0,108.0,127.33333333333333,37.03333333333333,1,-0.43707528803682527
user1,2025-12-26 11:20:25.121669,11,267,24.68,48,649,4,0,167.0,162.25,64.85,1,-0.45388062567188775
user1,2025-12-26 13:55:37.121669,13,178,28.81,48,827,4,0,267.0,165.4,155.2,1,-0.4609100310009014
user1,2025-12-26 14:42:15.121669,14,222,23.51,48,1049,4,0,178.0,174.83333333333334,46.63333333333333,1,-0.43160627729164175
user1,2025-12-26 15:59:47.121669,15,253,24.67,48,1302,4,0,222.0,186.0,77.53333333333333,1,-0.4409221753353348
user1,2025-12-26 19:18:19.121669,19,170,27.21,48,1472,4,0,253.0,184.0,198.53333333333333,1,-0.47846585257706964
user1,2025-12-26 22:43:40.121669,22,139,26.34,48,1611,4,0,170.0,179.0,205.35,1,-0.5241643311923516
user1,2025-12-27 07:04:50.121669,7,198,28.85,49,198,5,1,185.45870206489676,198.0,0.0,1,-0.47591859570848305
user1,2025-12-27 08:39:56.121669,8,172,29.68,49,370,5,1,198.0,185.0,95.1,1,-0.4495345200141216
user1,2025-12-27 09:57:54.121669,9,148,31.53,49,518,5,1,172.0,172.66666666666666,77.96666666666667,1,-0.46670515190040873
user1,2025-12-27 10:37:47.121669,10,191,28.8,49,709,5,1,148.0,177.25,39.88333333333333,1,-0.43738960834495144
user1,2025-12-27 11:45:29.121669,11,169,29.38,49,878,5,1,191.0,175.6,67.7,1,-0.43258351109837007
user1,2025-12-27 12:26:08.121669,12,245,28.75,49,1123,5,1,169.0,187.16666666666666,40.65,1,-0.43219654909644634
user1,2025-12-27 13:44:42.121669,13,270,31.45,49,1393,5,1,245.0,199.0,78.56666666666666,1,-0.46223406402489847
user1,2025-12-27 14:17:20.121669,14,254,31.58,49,1647,5,1,270.0,205.875,32.63333333333333,1,-0.4809618070098541
user1,2025-12-27 15:43:51.121669,15,262,31.43,49,1909,5,1,254.0,212.11111111111111,86.51666666666667,1,-0.48305688570408695
user1,2025-12-27 16:27:01.121669,16,194,29.82,49,2103,5,1,262.0,210.3,43.166666666666664,1,-0.45958865937198645
user1,2025-12-27 17:22:24.121669,17,205,31.39,49,2308,5,1,194.0,209.8181818181818,55.38333333333333,1,-0.4830946960227361
user1,2025-12-27 19:13:32.121669,19,153,30.18,49,2461,5,1,205.0,205.08333333333334,111.13333333333334,1,-0.4806434966717734
user1,2025-12-27 20:19:33.121669,20,149,28.09,49,2610,5,1,153.0,200.76923076923077,66.01666666666667,1,-0.48482585417235746
user1,2025-12-27 21:56:46.121669,21,98,31.39,49,2708,5,1,149.0,193.42857142857142,97.21666666666667,-1,-0.5651929797170253
user1,2025-12-27 22:28:30.121669,22,111,29.2,49,2819,5,1,98.0,187.93333333333334,31.733333333333334,-1,-0.5515352058578612
user1,2025-12-28 06:22:15.121669,6,137,28.37,50,137,6,1,185.45870206489676,137.0,0.0,1,-0.4817887129953677
user1,2025-12-28 07:58:42.121669,7,201,30.12,50,338,6,1,137.0,169.0,96.45,1,-0.4745145476148109
user1,2025-12-28 08:53:05.121669,8,196,28.2,50,534,6,1,201.0,178.0,54.38333333333333,1,-0.4389586162813997
user1,2025-12-28 09:47:39.121669,9,110,28.27,50,644,6,1,196.0,161.0,54.56666666666667,1,-0.473847109742864
user1,2025-12-28 14:41:07.121669,14,184,30.65,50,828,6,1,110.0,165.6,293.46666666666664,-1,-0.5713549247961308
user1,2025-12-28 15:03:14.121669,15,292,27.41,50,1120,6,1,184.0,186.66666666666666,22.116666666666667,1,-0.4891284276967816
user1,2025-12-28 16:37:46.121669,16,277,30.38,50,1397,6,1,292.0,199.57142857142858,94.53333333333333,1,-0.468652547862673
user1,2025-12-28 17:32:39.121669,17,192,26.53,50,1589,6,1,277.0,198.625,54.88333333333333,1,-0.4162311849778225
user1,2025-12-28 18:15:14.121669,18,266,30.23,50,1855,6,1,192.0,206.11111111111111,42.583333333333336,1,-0.4744955306228382
user1,2025-12-28 20:56:56.121669,20,82,26.13,50,1937,6,1,266.0,193.7,161.7,-1,-0.5391142784981919
user1,2025-12-28 21:21:29.121669,21,137,30.36,50,2074,6,1,82.0,188.54545454545453,24.55,1,-0.482781743285607
user1,2025-12-29 06:09:38.121669,6,203,24.94,51,203,0,0,185.45870206489676,203.0,0.0,1,-0.49909847364496307
user1,2025-12-29 07:03:10.121669,7,121,28.24,51,324,0,0,203.0,162.0,53.53333333333333,1,-0.4708841034402003
user1,2025-12-29 08:50:19.121669,8,192,29.34,51,516,0,0,121.0,172.0,107.15,1,-0.46077592702183423
user1,2025-12-29 09:26:14.121669,9,166,24.6,51,682,0,0,192.0,170.5,35.916666666666664,1,-0.44296568622023336
user1,2025-12-29 10:09:15.121669,10,157,25.78,51,839,0,0,166.0,167.8,43.016666666666666,1,-0.43518139953181245
user1,2025-12-29 11:11:02.121669,11,228,25.42,51,1067,0,0,157.0,177.83333333333334,61.78333333333333,1,-0.4242251149914993
user1,2025-12-29 14:37:08.121669,14,294,29.18,51,1361,0,0,228.0,194.42857142857142,206.1,-1,-0.5387741935923391
user1,2025-12-29 16:04:29.121669,16,167,24.69,51,1528,0,0,294.0,191.0,87.35,1,-0.42665911480937335
user1,2025-12-29 17:18:04.121669,17,230,27.69,51,1758,0,0,167.0,195.33333333333334,73.58333333333333,1,-0.4243132295474523
user1,2025-12-29 18:25:26.121669,18,228,26.74,51,1986,0,0,230.0,198.6,67.36666666666666,1,-0.4280844389048391
user1,2025-12-29 20:32:23.121669,20,112,26.18,51,2098,0,0,228.0,190.72727272727272,126.95,1,-0.4829411810443142
user1,2025-12-29 21:14:37.121669,21,136,27.71,51,2234,0,0,112.0,186.16666666666666,42.233333333333334,1,-0.453687360894431
user1,2025-12-29 22:28:53.121669,22,86,26.97,51,2320,0,0,136.0,178.46153846153845,74.26666666666667,1,-0.5247086627149922
user1,2025-12-30 06:33:44.121669,6,128,29.46,52,128,1,0,185.45870206489676,128.0,0.0,1,-0.5093288577807386
user1,2025-12-30 09:18:13.121669,9,161,30.2,52,289,1,0,128.0,144.5,164.48333333333332,1,-0.4872312488475649
user1,2025-12-30 10:24:09.121669,10,201,27.17,52,490,1,0,161.0,163.33333333333334,65.93333333333334,1,-0.42175109493867063
user1,2025-12-30 11:03:12.121669,11,235,29.13,52,725,1,0,201.0,181.25,39.05,1,-0.4454581095262054
user1,2025-12-30 12:50:00.121669,12,248,28.07,52,973,1,0,235.0,194.6,106.8,1,-0.4379829868780392
user1,2025-12-30 13:29:09.121669,13,381,31.84,52,1354,1,0,248.0,225.66666666666666,39.15,-1,-0.5673081875469331
user1,2025-12-30 14:14:45.121669,14,244,29.39,52,1598,1,0,381.0,228.28571428571428,45.6,1,-0.445811819300963
user1,2025-12-30 16:17:58.121669,16,127,27.21,52,1725,1,0,244.0,215.625,123.21666666666667,1,-0.46677956617061955
user1,2025-12-30 17:40:52.121669,17,258,30.78,52,1983,1,0,127.0,220.33333333333334,82.9,1,-0.477576920301782
user1,2025-12-30 18:54:50.121669,18,172,31.48,52,2155,1,0,258.0,215.5,73.96666666666667,1,-0.46877055020374264
user1,2025-12-30 19:28:03.121669,19,230,28.18,52,2385,1,0,172.0,216.8181818181818,33.21666666666667,1,-0.4866685068330145
user1,2025-12-30 20:15:03.121669,20,116,27.79,52,2501,1,0,230.0,208.41666666666666,47.0,1,-0.47767240854215315
user1,2025-12-30 22:38:06.121669,22,124,26.8,52,2625,1,0,116.0,201.92307692307693,143.05,1,-0.5337407108447287
user1,2025-12-31 06:32:31.121669,6,145,23.11,53,145,2,0,185.45870206489676,145.0,0.0,1,-0.4951388232659901
user1,2025-12-31 07:07:44.121669,7,182,24.51,53,327,2,0,145.0,163.5,35.21666666666667,1,-0.45145924978653973
user1,2025-12-31 08:49:30.121669,8,154,21.92,53,481,2,0,182.0,160.33333333333334,101.76666666666667,1,-0.4864715412998708
user1,2025-12-31 12:31:23.121669,12,269,22.84,53,750,2,0,154.0,187.5,221.88333333333333,-1,-0.5486697717385622
user1,2025-12-31 13:43:10.121669,13,253,26.68,53,1003,2,0,269.0,200.6,71.78333333333333,1,-0.42516442775995883
user1,2025-12-31 14:59:52.121669,14,243,23.22,53,1246,2,0,253.0,207.66666666666666,76.7,1,-0.42959745351099216
user1,2025-12-31 15:00:28.121669,15,164,25.29,53,1410,2,0,243.0,201.42857142857142,0.6,1,-0.46844921687321023
user1,2025-12-31 17:48:36.121669,17,242,25.95,53,1652,2,0,164.0,206.5,168.13333333333333,1,-0.487813464675118
user1,2025-12-31 18:08:45.121669,18,123,25.6,53,1775,2,0,242.0,197.22222222222223,20.15,1,-0.4691361448567494
user1,2025-12-31 19:00:20.121669,19,216,22.66,53,1991,2,0,123.0,199.1,51.583333333333336,1,-0.4729779873573776
user1,2026-01-01 07:37:58.121669,7,172,29.76,54,172,3,0,185.45870206489676,172.0,0.0,1,-0.47393474011627895
user1,2026-01-01 11:32:54.121669,11,205,31.3,54,377,3,0,172.0,188.5,234.93333333333334,-1,-0.5628038242670181
user1,2026-01-01 12:18:39.121669,12,157,28.54,54,534,3,0,205.0,178.0,45.75,1,-0.4407149006053453
user1,2026-01-01 16:42:03.121669,16,228,31.65,54,762,3,0,157.0,190.5,263.4,-1,-0.577865322718429
user1,2026-01-01 18:08:49.121669,18,190,29.68,54,952,3,0,228.0,190.4,86.76666666666667,1,-0.47651356910046977
user1,2026-01-01 19:15:55.121669,19,170,26.4,54,1122,3,0,190.0,187.0,67.1,1,-0.453406827130164
user1,2026-01-01 21:34:20.121669,21,122,29.23,54,1244,3,0,170.0,177.71428571428572,138.41666666666666,1,-0.5028537047591035
user1,2026-01-01 22:49:01.121669,22,95,26.99,54,1339,3,0,122.0,167.375,74.68333333333334,1,-0.5177715005989423
user1,2026-01-02 06:11:48.121669,6,107,22.63,55,107,4,0,185.45870206489676,107.0,0.0,-1,-0.545172519679595
user1,2026-01-02 08:03:06.121669,8,181,24.12,55,288,4,0,107.0,144.0,111.3,1,-0.46805574804968186
user1,2026-01-02 09:54:45.121669,9,122,21.13,55,410,4,0,181.0,136.66666666666666,111.65,1,-0.5261470022823539
user1,2026-01-02 10:34:14.121669,10,313,19.85,55,723,4,0,122.0,180.75,39.483333333333334,-1,-0.580925458459927
user1,2026-01-02 13:47:40.121669,13,286,22.34,55,1009,4,0,313.0,201.8,193.43333333333334,-1,-0.5626206398487449
user1,2026-01-02 15:46:53.121669,15,160,21.21,55,1169,4,0,286.0,194.83333333333334,119.21666666666667,1,-0.48743324169430896
user1,2026-01-02 16:24:58.121669,16,254,23.76,55,1423,4,0,160.0,203.28571428571428,38.083333333333336,1,-0.46120536169115545
user1,2026-01-02 17:44:04.121669,17,205,22.5,55,1628,4,0,254.0,203.5,79.1,1,-0.4421281542292246
user1,2026-01-02 18:27:43.121669,18,170,20.54,55,1798,4,0,205.0,199.77777777777777,43.65,1,-0.4958150826642816
user1,2026-01-02 19:10:14.121669,19,201,23.97,55,1999,4,0,170.0,199.9,42.516666666666666,1,-0.463374101853571
user1,2026-01-02 20:34:11.121669,20,100,24.5,55,2099,4,0,201.0,190.8181818181818,83.95,1,-0.4672708255053385
user1,2026-01-02 21:15:53.121669,21,104,23.75,55,2203,4,0,100.0,183.58333333333334,41.7,1,-0.4887790210014616
user1,2026-01-02 22:11:47.121669,22,111,20.42,55,2314,4,0,104.0,178.0,55.9,-1,-0.5414618045667824
user1,2026-01-03 06:01:41.121669,6,198,30.58,56,198,5,1,185.45870206489676,198.0,0.0,1,-0.5112021214150484
user1,2026-01-03 07:58:57.121669,7,177,30.97,56,375,5,1,198.0,187.5,117.26666666666667,1,-0.49657788830699173
user1,2026-01-03 08:58:24.121669,8,138,32.1,56,513,5,1,177.0,171.0,59.45,1,-0.4951095011730293
user1,2026-01-03 09:22:34.121669,9,215,29.73,56,728,5,1,138.0,182.0,24.166666666666668,1,-0.4715088726981364
user1,2026-01-03 10:01:48.121669,10,284,28.75,56,1012,5,1,215.0,202.4,39.233333333333334,1,-0.4763718143784135
user1,2026-01-03 13:24:16.121669,13,321,30.21,56,1333,5,1,284.0,222.16666666666666,202.46666666666667,-1,-0.5585030862342973
user1,2026-01-03 14:41:28.121669,14,256,30.88,56,1589,5,1,321.0,227.0,77.2,1,-0.45854539705777214
user1,2026-01-03 15:28:11.121669,15,323,31.64,56,1912,5,1,256.0,239.0,46.71666666666667,1,-0.5295862798165449
user1,2026-01-03 16:51:12.121669,16,218,27.6,56,2130,5,1,323.0,236.66666666666666,83.01666666666667,1,-0.4395557185057989
user1,2026-01-03 17:46:04.121669,17,213,29.4,56,2343,5,1,218.0,234.3,54.86666666666667,1,-0.46613257101900596
user1,2026-01-03 18:56:22.121669,18,144,30.92,56,2487,5,1,213.0,226.0909090909091,70.3,1,-0.4960555838641773
user1,2026-01-03 19:42:35.121669,19,127,27.57,56,2614,5,1,144.0,217.83333333333334,46.21666666666667,1,-0.4870770549245528
user1,2026-01-03 20:26:25.121669,20,127,27.81,56,2741,5,1,127.0,210.84615384615384,43.833333333333336,1,-0.5062753442550606
user1,2026-01-03 21:23:58.121669,21,119,27.14,56,2860,5,1,127.0,204.28571428571428,57.55,1,-0.5145235946713282
user1,2026-01-03 22:34:22.121669,22,132,30.83,56,2992,5,1,119.0,199.46666666666667,70.4,-1,-0.556240867607121
user1,2026-01-04 10:35:15.121669,10,281,25.08,57,281,6,1,185.45870206489676,281.0,0.0,1,-0.522586312096177
user1,2026-01-04 13:55:32.121669,13,291,25.6,57,572,6,1,281.0,286.0,200.28333333333333,-1,-0.5610642909998996
user1,2026-01-04 14:37:53.121669,14,238,24.32,57,810,6,1,291.0,270.0,42.35,1,-0.4449870226928049
user1,2026-01-04 15:47:05.121669,15,195,26.06,57,1005,6,1,238.0,251.25,69.2,1,-0.42603653420617804
user1,2026-01-04 16:45:26.121669,16,248,24.16,57,1253,6,1,195.0,250.6,58.35,1,-0.4461502418788883
user1,2026-01-04 17:11:09.121669,17,225,25.16,57,1478,6,1,248.0,246.33333333333334,25.716666666666665,1,-0.4484402462329666
user1,2026-01-04 18:11:25.121669,18,177,23.09,57,1655,6,1,225.0,236.42857142857142,60.266666666666666,1,-0.4348532520424096
user1,2026-01-04 19:25:34.121669,19,185,22.64,57,1840,6,1,177.0,230.0,74.15,1,-0.4501602834537462
user1,2026-01-05 07:25:43.121669,7,197,33.4,58,197,0,0,185.45870206489676,197.0,0.0,-1,-0.5479245304761419
user1,2026-01-05 09:09:55.121669,9,147,33.52,58,344,0,0,197.0,172.0,104.2,1,-0.5190714089211985
user1,2026-01-05 10:29:42.121669,10,272,33.39,58,616,0,0,147.0,205.33333333333334,79.78333333333333,1,-0.5127076776740138
user1,2026-01-05 14:21:26.121669,14,232,28.6,58,848,0,0,272.0,212.0,231.73333333333332,1,-0.5280516414244424
user1,2026-01-05 15:23:14.121669,15,201,30.29,58,1049,0,0,232.0,209.8,61.8,1,-0.43941733495201557
user1,2026-01-05 16:30:24.121669,16,195,30.67,58,1244,0,0,201.0,207.33333333333334,67.16666666666667,1,-0.4410859272371895
user1,2026-01-05 17:56:56.121669,17,135,30.92,58,1379,0,0,195.0,197.0,86.53333333333333,1,-0.46947791891709184
user1,2026-01-05 20:05:36.121669,20,137,28.75,58,1516,0,0,135.0,189.5,128.66666666666666,1,-0.4660110906586671
user1,2026-01-05 22:15:19.121669,22,153,33.92,58,1669,0,0,137.0,185.44444444444446,129.71666666666667,-1,-0.570890734875333
user1,2026-01-06 06:06:27.121669,6,159,28.58,59,159,1,0,185.45870206489676,159.0,0.0,1,-0.47043395555093537
user1,2026-01-06 07:03:07.121669,7,230,30.86,59,389,1,0,159.0,194.5,56.666666666666664,1,-0.4907909891581228
user1,2026-01-06 08:02:04.121669,8,150,30.7,59,539,1,0,230.0,179.66666666666666,58.95,1,-0.45805140630558405
user1,2026-01-06 09:53:24.121669,9,171,27.66,59,710,1,0,150.0,177.5,111.33333333333333,1,-0.45483780785897787
user1,2026-01-06 10:23:12.121669,10,277,29.62,59,987,1,0,171.0,197.4,29.8,1,-0.49117342106691186
user1,2026-01-06 11:47:07.121669,11,265,26.91,59,1252,1,0,277.0,208.66666666666666,83.91666666666667,1,-0.4504575770586812
user1,2026-01-06 13:13:15.121669,13,251,26.71,59,1503,1,0,265.0,214.71428571428572,86.13333333333334,1,-0.437313971732799
user1,2026-01-06 14:31:11.121669,14,283,30.85,59,1786,1,0,251.0,223.25,77.93333333333334,1,-0.4852484165088662
user1,2026-01-06 15:41:10.121669,15,276,28.74,59,2062,1,0,283.0,229.11111111111111,69.98333333333333,1,-0.4772793751508402
user1,2026-01-06 16:04:12.121669,16,169,26.95,59,2231,1,0,276.0,223.1,23.033333333333335,1,-0.47048805382187064
user1,2026-01-06 17:03:40.121669,17,183,27.28,59,2414,1,0,169.0,219.45454545454547,59.46666666666667,1,-0.465381236913348
user1,2026-01-06 18:57:03.121669,18,176,28.37,59,2590,1,0,183.0,215.83333333333334,113.38333333333334,1,-0.507822491428013
user1,2026-01-06 20:19:34.121669,20,130,27.5,59,2720,1,0,176.0,209.23076923076923,82.51666666666667,1,-0.4905328436861007
user1,2026-01-06 21:13:46.121669,21,101,31.85,59,2821,1,0,130.0,201.5,54.2,-1,-0.5708291016138936
user1,2026-01-06 22:07:58.121669,22,111,26.71,59,2932,1,0,101.0,195.46666666666667,54.2,-1,-0.5473332300664977
